12-01-1998,0.16
13-01-1998,0.11
14-01-1998,0.03
15-01-1998,0.08
16-01-1998,0.08
20-01-1998,0.02
21-01-1998,0.14
22-01-1998,0.01
23-01-1998,0.00
26-01-1998,0.08
27-01-1998,0.11
28-01-1998,0.14
29-01-1998,0.19
30-01-1998,0.18
02-02-1998,0.20
03-02-1998,0.25
04-02-1998,0.30
05-02-1998,0.16
06-02-1998,0.20
09-02-1998,0.08
10-02-1998,0.09
11-02-1998,0.00
12-02-1998,-0.05
13-02-1998,-0.11
17-02-1998,-0.04
18-02-1998,0.04
19-02-1998,0.16
20-02-1998,0.20
23-02-1998,0.28
24-02-1998,0.23
25-02-1998,0.25
26-02-1998,0.21
27-02-1998,0.02
02-03-1998,-0.15
03-03-1998,-0.22
04-03-1998,-0.52
05-03-1998,-0.42
06-03-1998,-0.43
09-03-1998,-0.42
10-03-1998,-0.36
11-03-1998,-0.27
12-03-1998,-0.22
13-03-1998,0.06
16-03-1998,0.00
17-03-1998,-0.06
18-03-1998,0.02
19-03-1998,0.03
20-03-1998,-0.02
23-03-1998,-0.05
24-03-1998,-0.03
25-03-1998,-0.02
26-03-1998,0.06
27-03-1998,0.03
30-03-1998,-0.02
31-03-1998,0.05
01-04-1998,0.05
02-04-1998,0.02
03-04-1998,-0.02
06-04-1998,-0.12
07-04-1998,-0.15
08-04-1998,-0.07
09-04-1998,-0.10
13-04-1998,-0.04
14-04-1998,0.04
15-04-1998,-0.07
16-04-1998,0.00
17-04-1998,0.05
20-04-1998,0.10
21-04-1998,0.15
22-04-1998,0.21
23-04-1998,0.10
24-04-1998,0.19
27-04-1998,0.19
28-04-1998,0.13
29-04-1998,0.08
30-04-1998,0.05
01-05-1998,-0.03
04-05-1998,0.00
05-05-1998,0.05
06-05-1998,0.02
07-05-1998,0.03
08-05-1998,0.09
11-05-1998,0.04
12-05-1998,0.07
13-05-1998,0.06
14-05-1998,0.03
15-05-1998,-0.04
18-05-1998,-0.03
19-05-1998,-0.13
20-05-1998,-0.17
21-05-1998,-0.27
22-05-1998,-0.23
26-05-1998,-0.27
27-05-1998,-0.17
28-05-1998,-0.17
29-05-1998,-0.27
01-06-1998,-0.20
02-06-1998,-0.13
03-06-1998,-0.21
04-06-1998,-0.12
05-06-1998,-0.10
08-06-1998,-0.12
09-06-1998,0.02
10-06-1998,-0.01
11-06-1998,-0.05
12-06-1998,-0.01
15-06-1998,-0.04
16-06-1998,0.00
17-06-1998,0.00
18-06-1998,0.02
19-06-1998,0.03
22-06-1998,0.17
23-06-1998,0.21
24-06-1998,0.26
25-06-1998,0.16
26-06-1998,0.21
29-06-1998,0.11
30-06-1998,0.13
01-07-1998,-0.01
02-07-1998,-0.07
06-07-1998,-0.11
07-07-1998,0.00
08-07-1998,0.02
09-07-1998,0.13
10-07-1998,0.14
13-07-1998,0.22
14-07-1998,0.24
15-07-1998,0.30
16-07-1998,0.23
17-07-1998,0.13
20-07-1998,0.05
21-07-1998,0.02
22-07-1998,-0.03
23-07-1998,0.05
24-07-1998,-0.05
27-07-1998,0.08
28-07-1998,0.11
29-07-1998,0.12
30-07-1998,0.18
31-07-1998,0.05
03-08-1998,0.07
04-08-1998,-0.01
05-08-1998,-0.10
06-08-1998,0.04
07-08-1998,0.02
10-08-1998,-0.08
11-08-1998,0.05
12-08-1998,0.01
13-08-1998,0.11
14-08-1998,0.08
17-08-1998,0.04
18-08-1998,0.16
19-08-1998,0.08
20-08-1998,-0.03
21-08-1998,-0.02
24-08-1998,-0.01
25-08-1998,-0.08
26-08-1998,-0.22
27-08-1998,-0.37
28-08-1998,-0.28
31-08-1998,-0.37
01-09-1998,-0.24
02-09-1998,-0.29
03-09-1998,-0.14
04-09-1998,-0.01
08-09-1998,0.12
09-09-1998,0.08
10-09-1998,0.34
11-09-1998,0.23
14-09-1998,0.27
15-09-1998,0.23
16-09-1998,0.04
17-09-1998,0.01
18-09-1998,0.04
21-09-1998,0.05
22-09-1998,-0.02
23-09-1998,0.05
24-09-1998,-0.04
25-09-1998,0.16
28-09-1998,0.12
29-09-1998,0.17
30-09-1998,-0.02
01-10-1998,-0.04
02-10-1998,-0.12
05-10-1998,-0.06
06-10-1998,-0.27
07-10-1998,-0.29
08-10-1998,-0.21
09-10-1998,0.02
12-10-1998,0.05
13-10-1998,0.01
14-10-1998,-0.01
15-10-1998,0.18
16-10-1998,0.17
19-10-1998,0.17
20-10-1998,0.01
21-10-1998,0.05
22-10-1998,0.10
23-10-1998,0.13
26-10-1998,0.12
27-10-1998,0.10
28-10-1998,0.08
29-10-1998,0.13
30-10-1998,0.10
02-11-1998,0.13
03-11-1998,0.13
04-11-1998,0.13
05-11-1998,0.19
06-11-1998,0.17
09-11-1998,0.18
10-11-1998,0.33
11-11-1998,0.32
12-11-1998,0.27
13-11-1998,0.31
16-11-1998,0.34
17-11-1998,0.37
18-11-1998,0.40
19-11-1998,0.34
20-11-1998,0.25
23-11-1998,0.31
24-11-1998,0.16
25-11-1998,0.09
27-11-1998,0.07
30-11-1998,-0.14
01-12-1998,0.00
02-12-1998,0.05
03-12-1998,0.02
04-12-1998,0.16
07-12-1998,0.30
08-12-1998,0.29
09-12-1998,0.35
10-12-1998,0.02
11-12-1998,0.03
14-12-1998,-0.01
15-12-1998,0.00
16-12-1998,-0.15
17-12-1998,-0.04
18-12-1998,0.05
21-12-1998,0.22
22-12-1998,0.29
23-12-1998,0.33
24-12-1998,0.25
28-12-1998,0.20
29-12-1998,0.02
30-12-1998,-0.02
31-12-1998,-0.07
04-01-1999,-0.12
05-01-1999,0.03
06-01-1999,0.05
07-01-1999,0.25
08-01-1999,0.37
11-01-1999,0.62
12-01-1999,0.31
13-01-1999,0.54
14-01-1999,0.23
15-01-1999,0.27
19-01-1999,0.27
20-01-1999,0.09
21-01-1999,-0.32
22-01-1999,-0.04
25-01-1999,-0.20
26-01-1999,0.07
27-01-1999,-0.01
28-01-1999,-0.08
29-01-1999,0.10
01-02-1999,0.20
02-02-1999,0.10
03-02-1999,0.11
04-02-1999,-0.13
05-02-1999,-0.20
08-02-1999,-0.17
09-02-1999,-0.42
10-02-1999,-0.23
11-02-1999,-0.06
12-02-1999,-0.21
16-02-1999,-0.21
17-02-1999,-0.11
18-02-1999,-0.09
19-02-1999,0.06
22-02-1999,0.07
23-02-1999,0.08
24-02-1999,-0.01
25-02-1999,-0.01
26-02-1999,-0.20
01-03-1999,-0.35
02-03-1999,-0.41
03-03-1999,-0.45
04-03-1999,-0.49
05-03-1999,-0.31
08-03-1999,-0.12
09-03-1999,-0.05
10-03-1999,0.06
11-03-1999,0.16
12-03-1999,0.08
15-03-1999,0.06
16-03-1999,0.08
17-03-1999,0.07
18-03-1999,0.19
19-03-1999,0.03
22-03-1999,-0.09
23-03-1999,-0.11
24-03-1999,0.05
25-03-1999,-0.08
26-03-1999,-0.12
29-03-1999,-0.09
30-03-1999,0.09
31-03-1999,0.12
01-04-1999,0.20
05-04-1999,0.18
06-04-1999,0.37
07-04-1999,0.40
08-04-1999,0.32
09-04-1999,0.02
12-04-1999,0.16
13-04-1999,0.02
14-04-1999,-0.27
15-04-1999,-0.43
16-04-1999,-0.48
19-04-1999,-0.55
20-04-1999,-0.22
21-04-1999,-0.16
22-04-1999,0.03
23-04-1999,0.23
26-04-1999,0.34
27-04-1999,0.29
28-04-1999,0.29
29-04-1999,0.22
30-04-1999,0.07
03-05-1999,0.05
04-05-1999,-0.05
05-05-1999,-0.03
06-05-1999,-0.09
07-05-1999,-0.02
10-05-1999,-0.02
11-05-1999,0.06
12-05-1999,0.01
13-05-1999,-0.13
14-05-1999,-0.33
17-05-1999,-0.05
18-05-1999,-0.11
19-05-1999,-0.07
20-05-1999,-0.25
21-05-1999,-0.31
24-05-1999,-0.17
25-05-1999,-0.21
26-05-1999,-0.42
27-05-1999,-0.30
28-05-1999,-0.34
01-06-1999,-0.34
02-06-1999,-0.26
03-06-1999,-0.26
04-06-1999,0.01
07-06-1999,0.06
08-06-1999,-0.06
09-06-1999,-0.02
10-06-1999,0.25
11-06-1999,0.13
14-06-1999,0.18
15-06-1999,0.20
16-06-1999,0.22
17-06-1999,0.18
18-06-1999,0.12
21-06-1999,-0.02
22-06-1999,0.06
23-06-1999,0.09
24-06-1999,-0.11
25-06-1999,-0.09
28-06-1999,0.06
29-06-1999,0.19
30-06-1999,0.22
01-07-1999,0.38
02-07-1999,0.47
06-07-1999,0.48
07-07-1999,0.45
08-07-1999,0.47
09-07-1999,0.40
12-07-1999,0.28
13-07-1999,0.22
14-07-1999,0.20
15-07-1999,0.21
16-07-1999,0.18
19-07-1999,0.09
20-07-1999,-0.07
21-07-1999,0.01
22-07-1999,-0.14
23-07-1999,-0.31
26-07-1999,-0.19
27-07-1999,0.02
28-07-1999,0.09
29-07-1999,0.27
30-07-1999,0.26
02-08-1999,0.44
03-08-1999,0.56
04-08-1999,0.40
05-08-1999,0.18
06-08-1999,0.17
09-08-1999,0.16
10-08-1999,0.23
11-08-1999,0.17
12-08-1999,0.23
13-08-1999,0.41
16-08-1999,0.47
17-08-1999,0.36
18-08-1999,0.25
19-08-1999,0.22
20-08-1999,0.27
23-08-1999,0.29
24-08-1999,0.19
25-08-1999,0.23
26-08-1999,0.22
27-08-1999,0.31
30-08-1999,0.24
31-08-1999,0.19
01-09-1999,0.00
02-09-1999,0.24
03-09-1999,0.31
07-09-1999,0.25
08-09-1999,0.18
09-09-1999,0.30
10-09-1999,0.16
13-09-1999,0.12
14-09-1999,-0.02
15-09-1999,-0.36
16-09-1999,-0.24
17-09-1999,-0.09
20-09-1999,-0.22
21-09-1999,-0.23
22-09-1999,-0.07
23-09-1999,-0.63
24-09-1999,-0.31
27-09-1999,-0.25
28-09-1999,-0.40
29-09-1999,-0.47
30-09-1999,-0.44
01-10-1999,-0.49
04-10-1999,0.13
05-10-1999,0.01
06-10-1999,-0.07
07-10-1999,-0.09
08-10-1999,0.06
11-10-1999,0.22
12-10-1999,-0.09
13-10-1999,-0.27
14-10-1999,-0.26
15-10-1999,-0.34
18-10-1999,-0.34
19-10-1999,-0.48
20-10-1999,-0.54
21-10-1999,0.01
22-10-1999,0.02
25-10-1999,0.12
26-10-1999,0.01
27-10-1999,0.08
28-10-1999,0.46
29-10-1999,0.51
01-11-1999,0.23
02-11-1999,0.30
03-11-1999,0.34
04-11-1999,0.65
05-11-1999,0.58
08-11-1999,0.35
09-11-1999,0.08
10-11-1999,0.15
11-11-1999,0.04
12-11-1999,-0.23
15-11-1999,-0.43
16-11-1999,-0.25
17-11-1999,-0.36
18-11-1999,-0.06
19-11-1999,0.06
22-11-1999,0.08
23-11-1999,0.21
24-11-1999,0.41
26-11-1999,0.18
29-11-1999,0.15
30-11-1999,-0.11
01-12-1999,-0.29
02-12-1999,-0.09
03-12-1999,-0.06
06-12-1999,-0.21
07-12-1999,-0.21
08-12-1999,-0.15
09-12-1999,-0.14
10-12-1999,-0.24
13-12-1999,-0.24
14-12-1999,-0.36
15-12-1999,0.08
16-12-1999,0.27
17-12-1999,0.40
20-12-1999,0.39
21-12-1999,0.65
22-12-1999,0.48
23-12-1999,0.62
27-12-1999,0.26
28-12-1999,0.07
29-12-1999,0.08
30-12-1999,0.18
31-12-1999,0.01
03-01-2000,0.11
04-01-2000,-0.03
05-01-2000,-0.15
06-01-2000,-0.28
07-01-2000,0.08
10-01-2000,0.26
11-01-2000,0.42
12-01-2000,0.40
13-01-2000,0.86
14-01-2000,1.02
18-01-2000,1.29
19-01-2000,0.79
20-01-2000,0.41
21-01-2000,0.63
24-01-2000,0.37
25-01-2000,0.12
26-01-2000,-0.05
27-01-2000,-0.21
28-01-2000,-0.36
31-01-2000,0.13
01-02-2000,-0.07
02-02-2000,0.13
03-02-2000,0.20
04-02-2000,0.31
07-02-2000,0.64
08-02-2000,0.80
09-02-2000,0.33
10-02-2000,0.35
11-02-2000,0.25
14-02-2000,0.31
15-02-2000,0.35
16-02-2000,0.00
17-02-2000,0.11
18-02-2000,0.03
22-02-2000,-0.11
23-02-2000,0.34
24-02-2000,0.22
25-02-2000,0.01
28-02-2000,0.24
29-02-2000,0.15
01-03-2000,0.58
02-03-2000,0.64
03-03-2000,0.31
06-03-2000,0.22
07-03-2000,0.25
08-03-2000,0.03
09-03-2000,0.28
10-03-2000,0.19
13-03-2000,0.40
14-03-2000,0.06
15-03-2000,0.30
16-03-2000,0.45
17-03-2000,0.90
20-03-2000,0.94
21-03-2000,1.19
22-03-2000,1.00
23-03-2000,1.16
24-03-2000,0.90
27-03-2000,0.90
28-03-2000,0.36
29-03-2000,-0.29
30-03-2000,-0.59
31-03-2000,-0.61
03-04-2000,-0.48
04-04-2000,-0.54
05-04-2000,-0.63
06-04-2000,-0.28
07-04-2000,0.43
10-04-2000,0.02
11-04-2000,-0.08
12-04-2000,-0.45
13-04-2000,-0.59
14-04-2000,-1.06
17-04-2000,-0.26
18-04-2000,-0.66
19-04-2000,-0.66
20-04-2000,-1.04
24-04-2000,-0.21
25-04-2000,0.28
26-04-2000,0.42
27-04-2000,0.08
28-04-2000,0.13
01-05-2000,0.44
02-05-2000,0.50
03-05-2000,-0.04
04-05-2000,-0.29
05-05-2000,0.27
08-05-2000,-0.54
09-05-2000,-0.74
10-05-2000,-1.03
11-05-2000,-0.20
12-05-2000,-0.23
15-05-2000,0.04
16-05-2000,0.00
17-05-2000,0.30
18-05-2000,0.41
19-05-2000,0.57
22-05-2000,0.06
23-05-2000,-0.27
24-05-2000,-0.06
25-05-2000,-0.41
26-05-2000,-0.26
30-05-2000,0.23
31-05-2000,0.48
01-06-2000,0.83
02-06-2000,1.27
05-06-2000,0.70
06-06-2000,0.75
07-06-2000,0.57
08-06-2000,0.09
09-06-2000,0.09
12-06-2000,-0.46
13-06-2000,-0.10
14-06-2000,-0.25
15-06-2000,0.03
16-06-2000,-0.07
19-06-2000,0.44
20-06-2000,0.47
21-06-2000,0.74
22-06-2000,0.24
23-06-2000,0.50
26-06-2000,0.26
27-06-2000,0.19
28-06-2000,-0.27
29-06-2000,-0.30
30-06-2000,-0.21
03-07-2000,-0.12
05-07-2000,-0.24
06-07-2000,0.20
07-07-2000,0.32
10-07-2000,0.40
11-07-2000,0.52
12-07-2000,0.34
13-07-2000,0.60
14-07-2000,0.83
17-07-2000,0.40
18-07-2000,0.40
19-07-2000,0.04
20-07-2000,0.10
21-07-2000,-0.12
24-07-2000,-0.29
25-07-2000,-0.43
26-07-2000,-0.34
27-07-2000,-0.38
28-07-2000,-0.45
31-07-2000,-0.44
01-08-2000,-0.42
02-08-2000,-0.83
03-08-2000,-0.35
04-08-2000,-0.73
07-08-2000,-0.69
08-08-2000,-0.27
09-08-2000,-0.42
10-08-2000,-0.37
11-08-2000,0.29
14-08-2000,0.07
15-08-2000,0.66
16-08-2000,0.63
17-08-2000,0.87
18-08-2000,1.05
21-08-2000,1.16
22-08-2000,0.77
23-08-2000,0.85
24-08-2000,0.58
25-08-2000,0.52
28-08-2000,0.28
29-08-2000,0.12
30-08-2000,0.15
31-08-2000,0.46
01-09-2000,-0.38
05-09-2000,-0.64
06-09-2000,-0.73
07-09-2000,-0.67
08-09-2000,-0.91
11-09-2000,-0.96
12-09-2000,-1.54
13-09-2000,-0.94
14-09-2000,-0.93
15-09-2000,-0.91
18-09-2000,-1.10
19-09-2000,-0.47
20-09-2000,-0.35
21-09-2000,-1.65
22-09-2000,-1.37
25-09-2000,-1.46
26-09-2000,-1.52
27-09-2000,-1.44
28-09-2000,-1.92
29-09-2000,-2.11
02-10-2000,-0.54
03-10-2000,-1.00
04-10-2000,-0.47
05-10-2000,-0.36
06-10-2000,-0.41
09-10-2000,-0.51
10-10-2000,-0.65
11-10-2000,-0.53
12-10-2000,-0.43
13-10-2000,-0.33
16-10-2000,-0.55
17-10-2000,-0.46
18-10-2000,0.31
19-10-2000,0.52
20-10-2000,0.73
23-10-2000,0.71
24-10-2000,0.38
25-10-2000,0.62
26-10-2000,1.05
27-10-2000,0.44
30-10-2000,0.43
31-10-2000,0.07
01-11-2000,0.32
02-11-2000,0.50
03-11-2000,0.51
06-11-2000,0.11
07-11-2000,0.03
08-11-2000,-0.37
09-11-2000,-0.69
10-11-2000,-1.04
13-11-2000,-0.72
14-11-2000,-0.54
15-11-2000,-0.61
16-11-2000,-0.67
17-11-2000,-0.14
20-11-2000,0.49
21-11-2000,0.58
22-11-2000,0.25
24-11-2000,0.41
27-11-2000,0.22
28-11-2000,0.25
29-11-2000,-0.30
30-11-2000,-0.43
01-12-2000,-0.79
04-12-2000,-0.91
05-12-2000,-1.11
06-12-2000,-1.18
07-12-2000,-0.84
08-12-2000,-0.34
11-12-2000,-0.17
12-12-2000,0.29
13-12-2000,0.11
14-12-2000,-0.08
15-12-2000,0.19
18-12-2000,-0.11
19-12-2000,-0.24
20-12-2000,-0.54
21-12-2000,-0.45
22-12-2000,-0.27
26-12-2000,-0.21
27-12-2000,-0.23
28-12-2000,-0.32
29-12-2000,-0.25
02-01-2001,-0.20
03-01-2001,0.04
04-01-2001,0.10
05-01-2001,-0.12
08-01-2001,0.04
09-01-2001,0.08
10-01-2001,0.19
11-01-2001,0.37
12-01-2001,-0.20
16-01-2001,-0.12
17-01-2001,-0.07
18-01-2001,0.11
19-01-2001,0.12
22-01-2001,0.12
23-01-2001,0.23
24-01-2001,0.40
25-01-2001,0.12
26-01-2001,0.48
29-01-2001,0.43
30-01-2001,0.51
31-01-2001,0.40
01-02-2001,0.22
02-02-2001,-0.08
05-02-2001,0.05
06-02-2001,-0.03
07-02-2001,-0.22
08-02-2001,-0.33
09-02-2001,-0.37
12-02-2001,-0.39
13-02-2001,-0.28
14-02-2001,0.10
15-02-2001,-0.03
16-02-2001,-0.15
20-02-2001,-0.37
21-02-2001,-0.30
22-02-2001,-0.41
23-02-2001,-0.22
26-02-2001,-0.66
27-02-2001,-0.59
28-02-2001,-0.64
01-03-2001,-0.28
02-03-2001,-0.12
05-03-2001,0.14
06-03-2001,0.24
07-03-2001,0.38
08-03-2001,0.09
09-03-2001,0.03
12-03-2001,-0.03
13-03-2001,-0.16
14-03-2001,-0.21
15-03-2001,-0.48
16-03-2001,-0.60
19-03-2001,-0.31
20-03-2001,-0.41
21-03-2001,-0.23
22-03-2001,0.14
23-03-2001,-0.03
26-03-2001,-0.01
27-03-2001,0.13
28-03-2001,-0.06
29-03-2001,0.21
30-03-2001,-0.01
02-04-2001,-0.48
03-04-2001,-0.53
04-04-2001,-0.46
05-04-2001,-0.40
06-04-2001,-0.35
09-04-2001,-0.35
10-04-2001,0.20
11-04-2001,0.24
12-04-2001,0.22
16-04-2001,0.11
17-04-2001,0.46
18-04-2001,0.79
19-04-2001,0.94
20-04-2001,0.35
23-04-2001,0.27
24-04-2001,0.26
25-04-2001,0.55
26-04-2001,0.04
27-04-2001,0.00
30-04-2001,-0.13
01-05-2001,0.09
02-05-2001,0.13
03-05-2001,0.10
04-05-2001,0.09
07-05-2001,0.21
08-05-2001,0.02
09-05-2001,-0.03
10-05-2001,-0.31
11-05-2001,-0.34
14-05-2001,-0.25
15-05-2001,-0.45
16-05-2001,-0.30
17-05-2001,-0.27
18-05-2001,-0.23
21-05-2001,0.13
22-05-2001,0.15
23-05-2001,0.13
24-05-2001,0.27
25-05-2001,0.02
29-05-2001,-0.13
30-05-2001,-0.15
31-05-2001,-0.32
01-06-2001,-0.03
04-06-2001,0.00
05-06-2001,0.00
06-06-2001,0.08
07-06-2001,0.50
08-06-2001,0.35
11-06-2001,0.27
12-06-2001,0.09
13-06-2001,-0.03
14-06-2001,-0.23
15-06-2001,-0.20
18-06-2001,-0.37
19-06-2001,-0.43
20-06-2001,-0.26
21-06-2001,-0.27
22-06-2001,-0.06
25-06-2001,0.08
26-06-2001,0.12
27-06-2001,0.08
28-06-2001,0.39
29-06-2001,0.24
02-07-2001,0.27
03-07-2001,0.23
05-07-2001,0.12
06-07-2001,-0.05
09-07-2001,0.00
10-07-2001,-0.24
11-07-2001,-0.02
12-07-2001,0.01
13-07-2001,-0.01
16-07-2001,-0.06
17-07-2001,0.04
18-07-2001,0.04
19-07-2001,0.19
20-07-2001,0.07
23-07-2001,-0.14
24-07-2001,-0.12
25-07-2001,0.06
26-07-2001,0.08
27-07-2001,-0.01
30-07-2001,-0.03
31-07-2001,0.07
01-08-2001,0.30
02-08-2001,0.34
03-08-2001,0.15
06-08-2001,0.04
07-08-2001,0.10
08-08-2001,0.04
09-08-2001,-0.12
10-08-2001,-0.08
13-08-2001,-0.15
14-08-2001,-0.02
15-08-2001,-0.06
16-08-2001,-0.13
17-08-2001,-0.16
20-08-2001,-0.13
21-08-2001,-0.34
22-08-2001,-0.31
23-08-2001,-0.25
24-08-2001,-0.04
27-08-2001,0.01
28-08-2001,0.09
29-08-2001,-0.09
30-08-2001,-0.06
31-08-2001,-0.04
04-09-2001,-0.12
05-09-2001,-0.25
06-09-2001,-0.34
07-09-2001,-0.37
10-09-2001,-0.36
17-09-2001,-0.35
18-09-2001,-0.44
19-09-2001,-0.61
20-09-2001,-0.86
21-09-2001,-0.68
24-09-2001,-0.44
25-09-2001,-0.27
26-09-2001,-0.33
27-09-2001,-0.31
28-09-2001,-0.14
01-10-2001,0.11
02-10-2001,-0.08
03-10-2001,0.02
04-10-2001,-0.03
05-10-2001,0.05
08-10-2001,0.14
09-10-2001,0.13
10-10-2001,0.37
11-10-2001,0.55
12-10-2001,0.30
15-10-2001,0.33
16-10-2001,0.53
17-10-2001,0.28
18-10-2001,0.28
19-10-2001,0.08
22-10-2001,0.12
23-10-2001,0.08
24-10-2001,0.05
25-10-2001,-0.01
26-10-2001,0.11
29-10-2001,-0.02
30-10-2001,-0.02
31-10-2001,-0.10
01-11-2001,0.08
02-11-2001,0.20
05-11-2001,0.09
06-11-2001,0.26
07-11-2001,0.57
08-11-2001,0.47
09-11-2001,0.34
12-11-2001,0.35
13-11-2001,0.41
14-11-2001,0.45
15-11-2001,0.30
16-11-2001,0.21
19-11-2001,0.28
20-11-2001,0.21
21-11-2001,0.17
23-11-2001,0.11
26-11-2001,0.08
27-11-2001,0.14
28-11-2001,0.13
29-11-2001,0.17
30-11-2001,0.30
03-12-2001,0.18
04-12-2001,0.18
05-12-2001,0.33
06-12-2001,0.25
07-12-2001,0.10
10-12-2001,0.12
11-12-2001,0.11
12-12-2001,0.12
13-12-2001,-0.05
14-12-2001,-0.15
17-12-2001,0.00
18-12-2001,0.05
19-12-2001,-0.06
20-12-2001,-0.12
21-12-2001,-0.12
24-12-2001,-0.06
26-12-2001,-0.08
27-12-2001,-0.13
28-12-2001,-0.13
31-12-2001,-0.10
02-01-2002,0.14
03-01-2002,0.45
04-01-2002,0.44
07-01-2002,0.32
08-01-2002,0.33
09-01-2002,0.36
10-01-2002,0.32
11-01-2002,0.09
14-01-2002,-0.14
15-01-2002,-0.23
16-01-2002,-0.14
17-01-2002,-0.27
18-01-2002,-0.21
22-01-2002,-0.35
23-01-2002,-0.15
24-01-2002,-0.23
25-01-2002,-0.01
28-01-2002,-0.02
29-01-2002,-0.07
30-01-2002,0.12
31-01-2002,0.35
01-02-2002,0.19
04-02-2002,0.11
05-02-2002,0.00
06-02-2002,-0.12
07-02-2002,-0.04
08-02-2002,-0.26
11-02-2002,-0.19
12-02-2002,-0.16
13-02-2002,-0.02
14-02-2002,-0.04
15-02-2002,-0.12
19-02-2002,-0.11
20-02-2002,-0.21
21-02-2002,-0.40
22-02-2002,-0.38
25-02-2002,-0.26
26-02-2002,-0.32
27-02-2002,-0.18
28-02-2002,-0.27
01-03-2002,0.07
04-03-2002,0.33
05-03-2002,0.34
06-03-2002,0.25
07-03-2002,0.29
08-03-2002,0.41
11-03-2002,0.37
12-03-2002,0.12
13-03-2002,-0.14
14-03-2002,-0.23
15-03-2002,-0.17
18-03-2002,-0.16
19-03-2002,-0.36
20-03-2002,-0.21
21-03-2002,-0.10
22-03-2002,-0.06
25-03-2002,-0.09
26-03-2002,-0.16
27-03-2002,-0.10
28-03-2002,-0.05
01-04-2002,0.00
02-04-2002,-0.11
03-04-2002,-0.07
04-04-2002,0.07
05-04-2002,-0.16
08-04-2002,-0.10
09-04-2002,-0.16
10-04-2002,-0.19
11-04-2002,-0.10
12-04-2002,-0.21
15-04-2002,-0.17
16-04-2002,0.24
17-04-2002,0.07
18-04-2002,0.24
19-04-2002,0.12
22-04-2002,0.11
23-04-2002,0.16
24-04-2002,-0.05
25-04-2002,-0.20
26-04-2002,-0.26
29-04-2002,-0.31
30-04-2002,-0.15
01-05-2002,-0.18
02-05-2002,-0.20
03-05-2002,-0.24
06-05-2002,-0.36
07-05-2002,-0.10
08-05-2002,0.07
09-05-2002,-0.01
10-05-2002,-0.14
13-05-2002,0.23
14-05-2002,0.35
15-05-2002,0.45
16-05-2002,0.42
17-05-2002,0.22
20-05-2002,0.19
21-05-2002,0.19
22-05-2002,-0.03
23-05-2002,-0.10
24-05-2002,-0.18
28-05-2002,-0.35
29-05-2002,-0.40
30-05-2002,-0.25
31-05-2002,-0.16
03-06-2002,-0.38
04-06-2002,-0.13
05-06-2002,-0.12
06-06-2002,-0.61
07-06-2002,-0.52
10-06-2002,-0.72
11-06-2002,-0.81
12-06-2002,-0.51
13-06-2002,-0.78
14-06-2002,-0.65
17-06-2002,-0.02
18-06-2002,-0.15
19-06-2002,-0.15
20-06-2002,-0.11
21-06-2002,-0.35
24-06-2002,-0.08
25-06-2002,-0.46
26-06-2002,-0.36
27-06-2002,-0.25
28-06-2002,-0.20
01-07-2002,-0.18
02-07-2002,-0.24
03-07-2002,-0.12
05-07-2002,0.19
08-07-2002,-0.07
09-07-2002,-0.05
10-07-2002,-0.18
11-07-2002,0.15
12-07-2002,0.20
15-07-2002,-0.02
16-07-2002,0.00
17-07-2002,0.11
18-07-2002,0.05
19-07-2002,0.19
22-07-2002,-0.04
23-07-2002,-0.09
24-07-2002,-0.03
25-07-2002,-0.18
26-07-2002,-0.10
29-07-2002,-0.01
30-07-2002,0.05
31-07-2002,0.04
01-08-2002,0.03
02-08-2002,-0.17
05-08-2002,-0.15
06-08-2002,-0.04
07-08-2002,-0.11
08-08-2002,-0.11
09-08-2002,-0.17
12-08-2002,-0.02
13-08-2002,0.03
14-08-2002,0.22
15-08-2002,0.01
16-08-2002,0.11
19-08-2002,0.14
20-08-2002,0.23
21-08-2002,0.23
22-08-2002,0.21
23-08-2002,-0.03
26-08-2002,-0.02
27-08-2002,-0.17
28-08-2002,-0.29
29-08-2002,-0.26
30-08-2002,-0.33
03-09-2002,-0.34
04-09-2002,-0.25
05-09-2002,-0.17
06-09-2002,-0.12
09-09-2002,-0.04
10-09-2002,-0.04
11-09-2002,-0.01
12-09-2002,-0.01
13-09-2002,0.02
16-09-2002,-0.03
17-09-2002,-0.09
18-09-2002,-0.13
19-09-2002,-0.15
20-09-2002,-0.18
23-09-2002,-0.19
24-09-2002,-0.16
25-09-2002,-0.06
26-09-2002,-0.03
27-09-2002,-0.09
30-09-2002,-0.12
01-10-2002,0.01
02-10-2002,0.03
03-10-2002,-0.05
04-10-2002,-0.21
07-10-2002,-0.11
08-10-2002,-0.14
09-10-2002,-0.06
10-10-2002,-0.04
11-10-2002,0.07
14-10-2002,0.20
15-10-2002,-0.02
16-10-2002,0.02
17-10-2002,0.14
18-10-2002,0.08
21-10-2002,0.05
22-10-2002,0.02
23-10-2002,0.04
24-10-2002,0.24
25-10-2002,0.32
28-10-2002,0.27
29-10-2002,0.26
30-10-2002,0.25
31-10-2002,0.23
01-11-2002,0.27
04-11-2002,0.30
05-11-2002,0.15
06-11-2002,0.22
07-11-2002,0.20
08-11-2002,0.10
11-11-2002,0.05
12-11-2002,-0.13
13-11-2002,0.06
14-11-2002,0.00
15-11-2002,0.04
18-11-2002,-0.01
19-11-2002,0.03
20-11-2002,0.21
21-11-2002,0.24
22-11-2002,0.13
25-11-2002,0.23
26-11-2002,0.16
27-11-2002,0.32
29-11-2002,0.41
02-12-2002,0.17
03-12-2002,-0.05
04-12-2002,0.00
05-12-2002,-0.21
06-12-2002,-0.23
09-12-2002,-0.37
10-12-2002,-0.44
11-12-2002,-0.28
12-12-2002,-0.17
13-12-2002,-0.26
16-12-2002,-0.05
17-12-2002,-0.10
18-12-2002,-0.09
19-12-2002,-0.09
20-12-2002,-0.17
23-12-2002,-0.09
24-12-2002,-0.09
26-12-2002,-0.18
27-12-2002,-0.12
30-12-2002,-0.14
31-12-2002,-0.14
02-01-2003,-0.02
03-01-2003,-0.04
06-01-2003,0.07
07-01-2003,0.07
08-01-2003,0.05
09-01-2003,0.15
10-01-2003,0.22
13-01-2003,0.10
14-01-2003,0.14
15-01-2003,0.00
16-01-2003,-0.03
17-01-2003,-0.06
21-01-2003,-0.09
22-01-2003,-0.15
23-01-2003,-0.12
24-01-2003,-0.27
27-01-2003,-0.15
28-01-2003,-0.11
29-01-2003,0.03
30-01-2003,-0.09
31-01-2003,-0.10
03-02-2003,-0.10
04-02-2003,0.03
05-02-2003,-0.06
06-02-2003,-0.04
07-02-2003,-0.17
10-02-2003,0.00
11-02-2003,-0.04
12-02-2003,-0.02
13-02-2003,-0.01
14-02-2003,0.10
18-02-2003,0.16
19-02-2003,0.21
20-02-2003,0.18
21-02-2003,0.15
24-02-2003,0.11
25-02-2003,0.09
26-02-2003,0.00
27-02-2003,0.00
28-02-2003,0.01
03-03-2003,-0.04
04-03-2003,0.00
05-03-2003,0.06
06-03-2003,-0.07
07-03-2003,-0.05
10-03-2003,-0.11
11-03-2003,-0.15
12-03-2003,-0.01
13-03-2003,0.08
14-03-2003,0.02
17-03-2003,0.26
18-03-2003,0.24
19-03-2003,0.21
20-03-2003,0.32
21-03-2003,0.16
24-03-2003,0.06
25-03-2003,0.11
26-03-2003,-0.06
27-03-2003,-0.07
28-03-2003,-0.13
31-03-2003,-0.26
01-04-2003,-0.12
02-04-2003,-0.03
03-04-2003,-0.04
04-04-2003,0.05
07-04-2003,0.00
08-04-2003,0.05
09-04-2003,0.05
10-04-2003,0.03
11-04-2003,-0.09
14-04-2003,-0.06
15-04-2003,-0.01
16-04-2003,0.06
17-04-2003,0.16
21-04-2003,0.16
22-04-2003,0.20
23-04-2003,0.28
24-04-2003,0.16
25-04-2003,0.04
28-04-2003,0.12
29-04-2003,0.03
30-04-2003,0.01
01-05-2003,-0.06
02-05-2003,-0.01
05-05-2003,0.05
06-05-2003,0.11
07-05-2003,0.00
08-05-2003,0.06
09-05-2003,0.13
12-05-2003,0.14
13-05-2003,0.08
14-05-2003,0.10
15-05-2003,0.05
16-05-2003,0.03
19-05-2003,-0.07
20-05-2003,-0.08
21-05-2003,-0.10
22-05-2003,-0.13
23-05-2003,-0.13
27-05-2003,0.02
28-05-2003,0.07
29-05-2003,0.25
30-05-2003,0.25
02-06-2003,0.16
03-06-2003,0.25
04-06-2003,0.26
05-06-2003,0.30
06-06-2003,0.20
09-06-2003,0.11
10-06-2003,0.06
11-06-2003,0.18
12-06-2003,0.10
13-06-2003,0.05
16-06-2003,-0.06
17-06-2003,-0.04
18-06-2003,-0.01
19-06-2003,-0.02
20-06-2003,-0.15
23-06-2003,-0.21
24-06-2003,-0.11
25-06-2003,-0.19
26-06-2003,-0.07
27-06-2003,-0.07
30-06-2003,-0.05
01-07-2003,0.11
02-07-2003,0.21
03-07-2003,0.20
07-07-2003,0.27
08-07-2003,0.29
09-07-2003,0.22
10-07-2003,0.26
11-07-2003,0.30
14-07-2003,0.27
15-07-2003,0.33
16-07-2003,0.22
17-07-2003,0.20
18-07-2003,0.17
21-07-2003,0.13
22-07-2003,0.00
23-07-2003,0.08
24-07-2003,-0.12
25-07-2003,0.03
28-07-2003,-0.03
29-07-2003,0.03
30-07-2003,0.06
31-07-2003,0.05
01-08-2003,-0.02
04-08-2003,0.10
05-08-2003,-0.09
06-08-2003,-0.10
07-08-2003,-0.08
08-08-2003,-0.14
11-08-2003,-0.08
12-08-2003,-0.04
13-08-2003,-0.03
14-08-2003,0.10
15-08-2003,0.13
18-08-2003,0.25
19-08-2003,0.28
20-08-2003,0.29
21-08-2003,0.40
22-08-2003,0.30
25-08-2003,0.22
26-08-2003,0.28
27-08-2003,0.19
28-08-2003,0.23
29-08-2003,0.23
02-09-2003,0.09
03-09-2003,0.09
04-09-2003,0.20
05-09-2003,0.14
08-09-2003,0.10
09-09-2003,0.03
10-09-2003,-0.12
11-09-2003,-0.12
12-09-2003,0.00
15-09-2003,-0.08
16-09-2003,0.01
17-09-2003,-0.04
18-09-2003,0.10
19-09-2003,0.11
22-09-2003,0.08
23-09-2003,0.07
24-09-2003,-0.02
25-09-2003,-0.16
26-09-2003,-0.13
29-09-2003,-0.13
30-09-2003,-0.09
01-10-2003,0.01
02-10-2003,0.04
03-10-2003,0.19
06-10-2003,0.20
07-10-2003,0.26
08-10-2003,0.20
09-10-2003,0.26
10-10-2003,0.24
13-10-2003,0.17
14-10-2003,0.35
15-10-2003,0.24
16-10-2003,0.26
17-10-2003,0.18
20-10-2003,0.24
21-10-2003,0.11
22-10-2003,0.01
23-10-2003,-0.19
24-10-2003,-0.02
27-10-2003,-0.07
28-10-2003,0.10
29-10-2003,0.09
30-10-2003,0.13
31-10-2003,0.27
03-11-2003,0.32
04-11-2003,0.26
05-11-2003,0.25
06-11-2003,0.22
07-11-2003,0.11
10-11-2003,0.03
11-11-2003,0.03
12-11-2003,0.00
13-11-2003,0.02
14-11-2003,-0.17
17-11-2003,-0.21
18-11-2003,-0.24
19-11-2003,-0.11
20-11-2003,-0.16
21-11-2003,-0.15
24-11-2003,-0.05
25-11-2003,0.11
26-11-2003,0.07
28-11-2003,0.21
01-12-2003,0.22
02-12-2003,0.21
03-12-2003,0.11
04-12-2003,-0.10
05-12-2003,-0.16
08-12-2003,-0.14
09-12-2003,-0.39
10-12-2003,-0.41
11-12-2003,-0.33
12-12-2003,-0.22
15-12-2003,-0.25
16-12-2003,-0.18
17-12-2003,-0.16
18-12-2003,0.09
19-12-2003,-0.01
22-12-2003,-0.08
23-12-2003,-0.05
24-12-2003,0.11
26-12-2003,0.14
29-12-2003,0.21
30-12-2003,0.13
31-12-2003,0.22
02-01-2004,0.23
05-01-2004,0.21
06-01-2004,0.24
07-01-2004,0.30
08-01-2004,0.17
09-01-2004,0.22
12-01-2004,0.22
13-01-2004,0.14
14-01-2004,-0.02
15-01-2004,0.00
16-01-2004,-0.13
20-01-2004,-0.17
21-01-2004,-0.22
22-01-2004,-0.27
23-01-2004,-0.23
26-01-2004,-0.06
27-01-2004,-0.16
28-01-2004,-0.16
29-01-2004,-0.15
30-01-2004,-0.15
02-02-2004,-0.16
03-02-2004,-0.08
04-02-2004,-0.22
05-02-2004,-0.19
06-02-2004,-0.06
09-02-2004,-0.02
10-02-2004,0.00
11-02-2004,0.07
12-02-2004,0.00
13-02-2004,0.01
17-02-2004,0.08
18-02-2004,-0.01
19-02-2004,-0.07
20-02-2004,-0.09
23-02-2004,-0.25
24-02-2004,-0.17
25-02-2004,-0.09
26-02-2004,-0.13
27-02-2004,-0.21
01-03-2004,-0.03
02-03-2004,-0.05
03-03-2004,0.03
04-03-2004,-0.05
05-03-2004,-0.05
08-03-2004,-0.22
09-03-2004,-0.11
10-03-2004,-0.29
11-03-2004,-0.23
12-03-2004,-0.17
15-03-2004,-0.18
16-03-2004,-0.19
17-03-2004,0.00
18-03-2004,-0.11
19-03-2004,-0.10
22-03-2004,-0.11
23-03-2004,-0.15
24-03-2004,-0.05
25-03-2004,0.04
26-03-2004,-0.01
29-03-2004,0.04
30-03-2004,0.13
31-03-2004,0.10
01-04-2004,0.20
02-04-2004,0.16
05-04-2004,0.06
06-04-2004,0.05
07-04-2004,0.07
08-04-2004,0.03
12-04-2004,0.05
13-04-2004,-0.09
14-04-2004,-0.10
15-04-2004,-0.17
16-04-2004,-0.19
19-04-2004,-0.15
20-04-2004,-0.18
21-04-2004,-0.20
22-04-2004,-0.05
23-04-2004,0.01
26-04-2004,0.06
27-04-2004,0.03
28-04-2004,-0.03
29-04-2004,0.01
30-04-2004,0.00
03-05-2004,-0.05
04-05-2004,-0.12
05-05-2004,-0.14
06-05-2004,-0.08
07-05-2004,-0.01
10-05-2004,0.07
11-05-2004,0.18
12-05-2004,0.13
13-05-2004,0.11
14-05-2004,0.06
17-05-2004,0.14
18-05-2004,0.15
19-05-2004,0.05
20-05-2004,0.01
21-05-2004,0.04
24-05-2004,0.03
25-05-2004,0.18
26-05-2004,0.15
27-05-2004,0.10
28-05-2004,0.12
01-06-2004,0.07
02-06-2004,0.00
03-06-2004,0.08
04-06-2004,0.04
07-06-2004,0.00
08-06-2004,0.03
09-06-2004,0.01
10-06-2004,-0.01
14-06-2004,0.05
15-06-2004,0.00
16-06-2004,-0.05
17-06-2004,-0.12
18-06-2004,-0.10
21-06-2004,-0.10
22-06-2004,-0.02
23-06-2004,0.02
24-06-2004,-0.07
25-06-2004,-0.01
28-06-2004,-0.03
29-06-2004,-0.01
30-06-2004,-0.02
01-07-2004,-0.14
02-07-2004,-0.27
06-07-2004,-0.18
07-07-2004,-0.19
08-07-2004,-0.09
09-07-2004,-0.19
12-07-2004,-0.12
13-07-2004,-0.31
14-07-2004,-0.29
15-07-2004,-0.30
16-07-2004,-0.38
19-07-2004,-0.39
20-07-2004,-0.28
21-07-2004,-0.43
22-07-2004,-0.12
23-07-2004,-0.07
26-07-2004,-0.03
27-07-2004,0.03
28-07-2004,0.08
29-07-2004,0.04
30-07-2004,0.17
02-08-2004,0.19
03-08-2004,0.14
04-08-2004,0.10
05-08-2004,0.02
06-08-2004,-0.08
09-08-2004,-0.13
10-08-2004,-0.20
11-08-2004,-0.31
12-08-2004,-0.28
13-08-2004,-0.27
16-08-2004,-0.18
17-08-2004,-0.17
18-08-2004,-0.06
19-08-2004,-0.03
20-08-2004,-0.02
23-08-2004,0.07
24-08-2004,0.01
25-08-2004,0.02
26-08-2004,0.05
27-08-2004,-0.02
30-08-2004,-0.05
31-08-2004,-0.08
01-09-2004,-0.09
02-09-2004,-0.19
03-09-2004,-0.19
07-09-2004,-0.22
08-09-2004,-0.23
09-09-2004,-0.14
10-09-2004,-0.04
13-09-2004,-0.06
14-09-2004,0.07
15-09-2004,0.03
16-09-2004,0.04
17-09-2004,0.06
20-09-2004,0.11
21-09-2004,0.03
22-09-2004,-0.03
23-09-2004,-0.02
24-09-2004,-0.06
27-09-2004,-0.02
28-09-2004,-0.08
29-09-2004,-0.11
30-09-2004,-0.08
01-10-2004,0.07
04-10-2004,0.07
05-10-2004,0.13
06-10-2004,0.12
07-10-2004,0.14
08-10-2004,0.06
11-10-2004,0.01
12-10-2004,0.02
13-10-2004,-0.01
14-10-2004,-0.05
15-10-2004,-0.06
18-10-2004,0.00
19-10-2004,0.01
20-10-2004,0.15
21-10-2004,0.03
22-10-2004,0.03
25-10-2004,0.08
26-10-2004,0.09
27-10-2004,0.10
28-10-2004,0.18
29-10-2004,0.06
01-11-2004,0.08
02-11-2004,0.20
03-11-2004,0.13
04-11-2004,0.21
05-11-2004,0.15
08-11-2004,0.10
09-11-2004,0.09
10-11-2004,0.08
11-11-2004,0.04
12-11-2004,0.11
15-11-2004,0.05
16-11-2004,0.08
17-11-2004,0.12
18-11-2004,0.20
19-11-2004,0.10
22-11-2004,0.05
23-11-2004,0.00
24-11-2004,-0.03
26-11-2004,-0.07
29-11-2004,-0.14
30-11-2004,-0.24
01-12-2004,-0.09
02-12-2004,0.08
03-12-2004,0.04
06-12-2004,0.07
07-12-2004,0.02
08-12-2004,-0.03
09-12-2004,0.02
10-12-2004,-0.05
13-12-2004,-0.17
14-12-2004,-0.07
15-12-2004,-0.11
16-12-2004,-0.08
17-12-2004,0.00
20-12-2004,0.05
21-12-2004,0.09
22-12-2004,0.05
23-12-2004,0.04
27-12-2004,0.04
28-12-2004,0.04
29-12-2004,0.04
30-12-2004,0.03
31-12-2004,0.02
03-01-2005,-0.02
04-01-2005,-0.13
05-01-2005,-0.09
06-01-2005,-0.05
07-01-2005,-0.03
10-01-2005,-0.07
11-01-2005,-0.05
12-01-2005,-0.01
13-01-2005,0.05
14-01-2005,0.03
18-01-2005,0.03
19-01-2005,-0.04
20-01-2005,-0.01
21-01-2005,-0.08
24-01-2005,-0.10
25-01-2005,-0.05
26-01-2005,-0.05
27-01-2005,-0.07
28-01-2005,-0.01
31-01-2005,-0.01
01-02-2005,0.02
02-02-2005,0.04
03-02-2005,-0.01
04-02-2005,0.07
07-02-2005,0.08
08-02-2005,0.12
09-02-2005,0.12
10-02-2005,0.07
11-02-2005,0.17
14-02-2005,0.21
15-02-2005,0.16
16-02-2005,0.14
17-02-2005,0.03
18-02-2005,0.04
22-02-2005,0.08
23-02-2005,-0.08
24-02-2005,-0.06
25-02-2005,-0.02
28-02-2005,0.02
01-03-2005,0.08
02-03-2005,0.08
03-03-2005,0.09
04-03-2005,0.15
07-03-2005,0.15
08-03-2005,0.08
09-03-2005,0.07
10-03-2005,0.07
11-03-2005,-0.03
14-03-2005,-0.04
15-03-2005,-0.13
16-03-2005,-0.17
17-03-2005,-0.14
18-03-2005,-0.17
21-03-2005,-0.17
22-03-2005,-0.14
23-03-2005,-0.09
24-03-2005,-0.03
28-03-2005,-0.02
29-03-2005,-0.03
30-03-2005,0.01
31-03-2005,-0.03
01-04-2005,0.00
04-04-2005,-0.06
05-04-2005,-0.01
06-04-2005,-0.03
07-04-2005,0.01
08-04-2005,-0.02
11-04-2005,-0.02
12-04-2005,0.01
13-04-2005,-0.03
14-04-2005,-0.12
15-04-2005,-0.09
18-04-2005,-0.10
19-04-2005,0.01
20-04-2005,-0.02
21-04-2005,0.01
22-04-2005,0.07
25-04-2005,0.12
26-04-2005,0.11
27-04-2005,0.10
28-04-2005,0.00
29-04-2005,0.06
02-05-2005,0.03
03-05-2005,0.07
04-05-2005,0.11
05-05-2005,0.15
06-05-2005,0.13
09-05-2005,0.14
10-05-2005,0.15
11-05-2005,0.16
12-05-2005,0.13
13-05-2005,0.11
16-05-2005,0.08
17-05-2005,0.15
18-05-2005,0.15
19-05-2005,0.13
20-05-2005,0.19
23-05-2005,0.16
24-05-2005,0.20
25-05-2005,0.22
26-05-2005,0.17
27-05-2005,0.15
31-05-2005,0.10
01-06-2005,0.08
02-06-2005,0.14
03-06-2005,0.06
06-06-2005,0.02
07-06-2005,-0.01
08-06-2005,-0.01
09-06-2005,0.08
10-06-2005,-0.03
13-06-2005,-0.08
14-06-2005,-0.06
15-06-2005,-0.04
16-06-2005,0.06
17-06-2005,-0.03
20-06-2005,-0.07
21-06-2005,0.05
22-06-2005,0.03
23-06-2005,-0.01
24-06-2005,-0.09
27-06-2005,-0.21
28-06-2005,-0.07
29-06-2005,-0.06
30-06-2005,-0.12
01-07-2005,-0.12
05-07-2005,-0.01
06-07-2005,0.02
07-07-2005,0.10
08-07-2005,0.13
11-07-2005,0.14
12-07-2005,0.17
13-07-2005,0.20
14-07-2005,0.14
15-07-2005,0.22
18-07-2005,0.22
19-07-2005,-0.03
20-07-2005,-0.01
21-07-2005,-0.06
22-07-2005,-0.12
25-07-2005,-0.14
26-07-2005,-0.15
27-07-2005,-0.17
28-07-2005,0.02
29-07-2005,-0.03
01-08-2005,0.00
02-08-2005,0.08
03-08-2005,0.10
04-08-2005,0.03
05-08-2005,-0.01
08-08-2005,-0.05
09-08-2005,-0.02
10-08-2005,-0.07
11-08-2005,-0.12
12-08-2005,-0.14
15-08-2005,-0.10
16-08-2005,-0.09
17-08-2005,-0.09
18-08-2005,-0.12
19-08-2005,-0.09
22-08-2005,-0.02
23-08-2005,-0.06
24-08-2005,-0.08
25-08-2005,-0.07
26-08-2005,-0.07
29-08-2005,-0.03
30-08-2005,-0.01
31-08-2005,-0.07
01-09-2005,-0.03
02-09-2005,0.00
06-09-2005,0.02
07-09-2005,0.04
08-09-2005,0.02
09-09-2005,-0.04
12-09-2005,-0.08
13-09-2005,-0.05
14-09-2005,-0.10
15-09-2005,-0.10
16-09-2005,-0.10
19-09-2005,-0.12
20-09-2005,-0.06
21-09-2005,-0.05
22-09-2005,-0.04
23-09-2005,-0.02
26-09-2005,-0.06
27-09-2005,-0.10
28-09-2005,-0.08
29-09-2005,-0.04
30-09-2005,0.04
03-10-2005,0.02
04-10-2005,0.01
05-10-2005,-0.01
06-10-2005,-0.01
07-10-2005,-0.02
10-10-2005,-0.11
11-10-2005,-0.19
12-10-2005,-0.15
13-10-2005,-0.15
14-10-2005,-0.11
17-10-2005,-0.03
18-10-2005,-0.10
19-10-2005,0.01
20-10-2005,0.08
21-10-2005,-0.01
24-10-2005,-0.03
25-10-2005,-0.01
26-10-2005,-0.06
27-10-2005,0.00
28-10-2005,-0.01
31-10-2005,-0.06
01-11-2005,-0.06
02-11-2005,0.08
03-11-2005,0.11
04-11-2005,0.13
07-11-2005,0.17
08-11-2005,0.13
09-11-2005,0.24
10-11-2005,0.31
11-11-2005,0.19
14-11-2005,0.14
15-11-2005,0.12
16-11-2005,0.09
17-11-2005,0.10
18-11-2005,0.01
21-11-2005,-0.03
22-11-2005,0.10
23-11-2005,0.16
25-11-2005,0.21
28-11-2005,0.21
29-11-2005,0.16
30-11-2005,0.18
01-12-2005,0.23
02-12-2005,0.13
05-12-2005,0.05
06-12-2005,-0.03
07-12-2005,-0.07
08-12-2005,-0.16
09-12-2005,-0.08
12-12-2005,-0.09
13-12-2005,-0.07
14-12-2005,-0.05
15-12-2005,-0.01
16-12-2005,0.01
19-12-2005,0.06
20-12-2005,-0.04
21-12-2005,-0.05
22-12-2005,-0.08
23-12-2005,-0.06
27-12-2005,-0.12
28-12-2005,-0.11
29-12-2005,-0.09
30-12-2005,-0.07
03-01-2006,-0.03
04-01-2006,-0.01
05-01-2006,0.05
06-01-2006,0.10
09-01-2006,0.10
10-01-2006,0.13
11-01-2006,0.10
12-01-2006,0.04
13-01-2006,-0.04
17-01-2006,-0.41
18-01-2006,-0.41
19-01-2006,-0.44
20-01-2006,-0.48
23-01-2006,-0.51
24-01-2006,-0.52
25-01-2006,-0.48
26-01-2006,-0.13
27-01-2006,-0.11
30-01-2006,-0.08
31-01-2006,-0.08
01-02-2006,0.00
02-02-2006,-0.02
03-02-2006,-0.05
06-02-2006,-0.12
07-02-2006,-0.11
08-02-2006,-0.09
09-02-2006,-0.01
10-02-2006,-0.03
13-02-2006,0.00
14-02-2006,0.06
15-02-2006,0.09
16-02-2006,0.03
17-02-2006,-0.01
21-02-2006,-0.07
22-02-2006,-0.11
23-02-2006,-0.11
24-02-2006,-0.10
27-02-2006,-0.09
28-02-2006,-0.03
01-03-2006,0.00
02-03-2006,-0.05
03-03-2006,0.03
06-03-2006,0.00
07-03-2006,-0.05
08-03-2006,-0.06
09-03-2006,-0.10
10-03-2006,-0.08
13-03-2006,-0.03
14-03-2006,-0.07
15-03-2006,-0.01
16-03-2006,-0.03
17-03-2006,-0.07
20-03-2006,0.00
21-03-2006,-0.03
22-03-2006,0.03
23-03-2006,0.00
24-03-2006,-0.05
27-03-2006,0.00
28-03-2006,0.02
29-03-2006,0.01
30-03-2006,0.01
31-03-2006,-0.04
03-04-2006,-0.04
04-04-2006,-0.03
05-04-2006,-0.03
06-04-2006,-0.02
07-04-2006,-0.07
10-04-2006,-0.04
11-04-2006,-0.06
12-04-2006,-0.02
13-04-2006,0.01
17-04-2006,-0.03
18-04-2006,-0.02
19-04-2006,0.06
20-04-2006,0.01
21-04-2006,0.01
24-04-2006,-0.03
25-04-2006,-0.03
26-04-2006,0.02
27-04-2006,0.08
28-04-2006,0.03
01-05-2006,0.01
02-05-2006,0.04
03-05-2006,0.05
04-05-2006,0.04
05-05-2006,0.04
08-05-2006,0.00
09-05-2006,-0.01
10-05-2006,0.00
11-05-2006,-0.03
12-05-2006,-0.03
15-05-2006,-0.02
16-05-2006,-0.08
17-05-2006,-0.14
18-05-2006,-0.21
19-05-2006,-0.17
22-05-2006,-0.13
23-05-2006,-0.12
24-05-2006,-0.15
25-05-2006,-0.10
26-05-2006,-0.06
30-05-2006,-0.02
31-05-2006,-0.01
01-06-2006,-0.01
02-06-2006,0.03
05-06-2006,0.01
06-06-2006,-0.04
07-06-2006,-0.11
08-06-2006,-0.09
09-06-2006,-0.09
12-06-2006,-0.14
13-06-2006,-0.09
14-06-2006,-0.03
15-06-2006,0.03
16-06-2006,0.15
19-06-2006,0.14
20-06-2006,0.11
21-06-2006,0.19
22-06-2006,0.09
23-06-2006,0.04
26-06-2006,0.07
27-06-2006,-0.04
28-06-2006,0.06
29-06-2006,0.12
30-06-2006,0.09
03-07-2006,0.11
05-07-2006,0.07
06-07-2006,0.01
07-07-2006,0.06
10-07-2006,-0.08
11-07-2006,-0.08
12-07-2006,-0.17
13-07-2006,-0.17
14-07-2006,-0.11
17-07-2006,-0.09
18-07-2006,-0.04
19-07-2006,-0.01
20-07-2006,-0.18
21-07-2006,-0.07
24-07-2006,-0.03
25-07-2006,-0.03
26-07-2006,-0.02
27-07-2006,-0.08
28-07-2006,0.01
31-07-2006,0.10
01-08-2006,0.06
02-08-2006,0.01
03-08-2006,0.01
04-08-2006,-0.03
07-08-2006,0.00
08-08-2006,-0.04
09-08-2006,-0.05
10-08-2006,0.01
11-08-2006,0.01
14-08-2006,0.06
15-08-2006,0.10
16-08-2006,0.14
17-08-2006,0.09
18-08-2006,0.11
21-08-2006,0.06
22-08-2006,0.10
23-08-2006,0.02
24-08-2006,0.02
25-08-2006,0.04
28-08-2006,0.12
29-08-2006,0.16
30-08-2006,0.19
31-08-2006,0.17
01-09-2006,0.18
05-09-2006,0.13
06-09-2006,0.02
07-09-2006,-0.02
08-09-2006,-0.05
11-09-2006,-0.04
12-09-2006,-0.01
13-09-2006,-0.02
14-09-2006,0.04
15-09-2006,0.03
18-09-2006,0.04
19-09-2006,0.03
20-09-2006,0.01
21-09-2006,-0.07
22-09-2006,-0.07
25-09-2006,-0.06
26-09-2006,0.07
27-09-2006,0.09
28-09-2006,0.16
29-09-2006,0.12
02-10-2006,0.14
03-10-2006,0.16
04-10-2006,0.16
05-10-2006,0.07
06-10-2006,0.01
09-10-2006,-0.04
10-10-2006,0.02
11-10-2006,0.08
12-10-2006,0.11
13-10-2006,0.13
16-10-2006,0.07
17-10-2006,0.12
18-10-2006,0.04
19-10-2006,0.05
20-10-2006,0.02
23-10-2006,0.00
24-10-2006,-0.03
25-10-2006,0.06
26-10-2006,0.01
27-10-2006,0.01
30-10-2006,0.01
31-10-2006,0.00
01-11-2006,-0.09
02-11-2006,-0.10
03-11-2006,-0.14
06-11-2006,-0.10
07-11-2006,-0.02
08-11-2006,-0.04
09-11-2006,-0.08
10-11-2006,0.01
13-11-2006,0.06
14-11-2006,0.17
15-11-2006,0.18
16-11-2006,0.17
17-11-2006,0.12
20-11-2006,0.20
21-11-2006,0.14
22-11-2006,0.03
24-11-2006,-0.05
27-11-2006,-0.16
28-11-2006,-0.11
29-11-2006,-0.07
30-11-2006,-0.10
01-12-2006,-0.08
04-12-2006,-0.03
05-12-2006,-0.04
06-12-2006,0.01
07-12-2006,-0.06
08-12-2006,-0.08
11-12-2006,-0.07
12-12-2006,-0.03
13-12-2006,-0.05
14-12-2006,-0.02
15-12-2006,0.01
18-12-2006,0.00
19-12-2006,0.01
20-12-2006,-0.01
21-12-2006,-0.06
22-12-2006,-0.08
26-12-2006,-0.08
27-12-2006,-0.08
28-12-2006,-0.03
29-12-2006,-0.03
03-01-2007,0.00
04-01-2007,0.08
05-01-2007,0.14
08-01-2007,0.11
09-01-2007,0.08
10-01-2007,0.15
11-01-2007,0.15
12-01-2007,0.17
16-01-2007,0.02
17-01-2007,-0.04
18-01-2007,-0.07
19-01-2007,-0.02
22-01-2007,-0.09
23-01-2007,-0.13
24-01-2007,-0.14
25-01-2007,-0.06
26-01-2007,-0.01
29-01-2007,0.05
30-01-2007,0.00
31-01-2007,0.01
01-02-2007,0.06
02-02-2007,0.05
05-02-2007,0.09
06-02-2007,0.08
07-02-2007,0.04
08-02-2007,0.07
09-02-2007,0.01
12-02-2007,-0.02
13-02-2007,-0.03
14-02-2007,-0.02
15-02-2007,-0.01
16-02-2007,-0.03
20-02-2007,-0.05
21-02-2007,0.00
22-02-2007,-0.01
23-02-2007,-0.02
26-02-2007,-0.08
27-02-2007,-0.14
28-02-2007,-0.18
01-03-2007,-0.17
02-03-2007,-0.24
05-03-2007,-0.18
06-03-2007,-0.17
07-03-2007,-0.14
08-03-2007,-0.08
09-03-2007,-0.05
12-03-2007,-0.02
13-03-2007,0.02
14-03-2007,-0.01
15-03-2007,-0.02
16-03-2007,-0.01
19-03-2007,-0.03
20-03-2007,-0.01
21-03-2007,-0.01
22-03-2007,0.00
23-03-2007,0.00
26-03-2007,0.01
27-03-2007,-0.03
28-03-2007,-0.01
29-03-2007,0.00
30-03-2007,-0.01
02-04-2007,0.00
03-04-2007,0.01
04-04-2007,0.00
05-04-2007,0.11
09-04-2007,0.13
10-04-2007,0.17
11-04-2007,0.14
12-04-2007,0.14
13-04-2007,0.12
16-04-2007,0.16
17-04-2007,0.17
18-04-2007,0.12
19-04-2007,0.17
20-04-2007,0.19
23-04-2007,0.18
24-04-2007,0.19
25-04-2007,0.17
26-04-2007,0.07
27-04-2007,0.07
30-04-2007,-0.06
01-05-2007,-0.03
02-05-2007,0.03
03-05-2007,0.01
04-05-2007,-0.01
07-05-2007,0.02
08-05-2007,0.04
09-05-2007,0.11
10-05-2007,0.07
11-05-2007,0.03
14-05-2007,0.02
15-05-2007,0.02
16-05-2007,0.04
17-05-2007,0.08
18-05-2007,0.04
21-05-2007,0.07
22-05-2007,0.07
23-05-2007,0.07
24-05-2007,0.01
25-05-2007,-0.02
29-05-2007,-0.07
30-05-2007,-0.06
31-05-2007,-0.06
01-06-2007,-0.09
04-06-2007,-0.07
05-06-2007,-0.03
06-06-2007,-0.10
07-06-2007,-0.07
08-06-2007,-0.05
11-06-2007,-0.06
12-06-2007,0.00
13-06-2007,0.06
14-06-2007,0.25
15-06-2007,0.33
18-06-2007,0.30
19-06-2007,0.29
20-06-2007,0.23
21-06-2007,0.22
22-06-2007,0.13
25-06-2007,-0.05
26-06-2007,-0.10
27-06-2007,0.01
28-06-2007,-0.03
29-06-2007,0.00
02-07-2007,0.01
03-07-2007,0.09
05-07-2007,0.12
06-07-2007,0.18
09-07-2007,0.08
10-07-2007,0.10
11-07-2007,0.10
12-07-2007,0.17
13-07-2007,0.17
16-07-2007,0.17
17-07-2007,0.02
18-07-2007,0.04
19-07-2007,0.06
20-07-2007,-0.01
23-07-2007,-0.16
24-07-2007,-0.15
25-07-2007,-0.20
26-07-2007,-0.12
27-07-2007,-0.18
30-07-2007,-0.14
31-07-2007,-0.13
01-08-2007,-0.08
02-08-2007,-0.04
03-08-2007,-0.02
06-08-2007,0.03
07-08-2007,0.09
08-08-2007,0.04
09-08-2007,0.06
10-08-2007,0.07
13-08-2007,-0.02
14-08-2007,-0.03
15-08-2007,-0.10
16-08-2007,-0.04
17-08-2007,-0.06
20-08-2007,0.00
21-08-2007,-0.02
22-08-2007,0.03
23-08-2007,0.05
24-08-2007,0.17
27-08-2007,0.04
28-08-2007,0.06
29-08-2007,0.12
30-08-2007,0.18
31-08-2007,0.18
04-09-2007,0.21
05-09-2007,0.16
06-09-2007,0.17
07-09-2007,0.19
10-09-2007,0.07
11-09-2007,0.00
12-09-2007,-0.03
13-09-2007,-0.12
14-09-2007,-0.14
17-09-2007,-0.09
18-09-2007,-0.04
19-09-2007,0.00
20-09-2007,0.06
21-09-2007,0.05
24-09-2007,0.12
25-09-2007,0.13
26-09-2007,0.13
27-09-2007,0.02
28-09-2007,0.06
01-10-2007,0.03
02-10-2007,-0.01
03-10-2007,-0.01
04-10-2007,-0.02
05-10-2007,-0.07
08-10-2007,0.00
09-10-2007,-0.02
10-10-2007,-0.05
11-10-2007,-0.03
12-10-2007,-0.02
15-10-2007,0.00
16-10-2007,0.15
17-10-2007,0.10
18-10-2007,0.11
19-10-2007,0.01
22-10-2007,0.12
23-10-2007,0.08
24-10-2007,0.04
25-10-2007,-0.06
26-10-2007,-0.05
29-10-2007,-0.08
30-10-2007,0.05
31-10-2007,0.01
01-11-2007,0.04
02-11-2007,0.05
05-11-2007,0.10
06-11-2007,0.15
07-11-2007,0.10
08-11-2007,-0.11
09-11-2007,-0.14
12-11-2007,-0.12
13-11-2007,0.00
14-11-2007,-0.15
15-11-2007,-0.20
16-11-2007,-0.17
19-11-2007,-0.01
20-11-2007,-0.03
21-11-2007,-0.10
23-11-2007,-0.17
26-11-2007,-0.12
27-11-2007,0.00
28-11-2007,0.07
29-11-2007,0.15
30-11-2007,0.09
03-12-2007,0.13
04-12-2007,0.22
05-12-2007,0.29
06-12-2007,0.26
07-12-2007,0.18
10-12-2007,0.14
11-12-2007,0.17
12-12-2007,0.14
13-12-2007,-0.01
14-12-2007,-0.11
17-12-2007,-0.21
18-12-2007,-0.20
19-12-2007,-0.15
20-12-2007,-0.08
21-12-2007,-0.02
24-12-2007,0.04
26-12-2007,0.13
27-12-2007,0.13
28-12-2007,0.09
31-12-2007,-0.03
02-01-2008,-0.16
03-01-2008,-0.40
04-01-2008,-0.52
07-01-2008,-0.52
08-01-2008,-0.56
09-01-2008,-0.48
10-01-2008,-0.48
11-01-2008,-0.30
14-01-2008,-0.06
15-01-2008,-0.32
16-01-2008,-0.35
17-01-2008,-0.35
18-01-2008,-0.52
22-01-2008,-0.46
23-01-2008,-0.32
24-01-2008,-0.21
25-01-2008,-0.02
28-01-2008,0.05
29-01-2008,0.11
30-01-2008,0.26
31-01-2008,0.36
01-02-2008,0.19
04-02-2008,-0.05
05-02-2008,0.05
06-02-2008,-0.07
07-02-2008,-0.03
08-02-2008,0.01
11-02-2008,-0.07
12-02-2008,-0.07
13-02-2008,0.03
14-02-2008,0.02
15-02-2008,0.09
19-02-2008,0.03
20-02-2008,0.02
21-02-2008,-0.03
22-02-2008,-0.16
25-02-2008,-0.14
26-02-2008,-0.01
27-02-2008,0.02
28-02-2008,0.01
29-02-2008,-0.07
03-03-2008,-0.10
04-03-2008,0.04
05-03-2008,0.03
06-03-2008,-0.05
07-03-2008,-0.05
10-03-2008,0.02
11-03-2008,0.13
12-03-2008,0.14
13-03-2008,0.15
14-03-2008,0.01
17-03-2008,0.18
18-03-2008,0.17
19-03-2008,0.12
20-03-2008,0.07
24-03-2008,0.18
25-03-2008,0.09
26-03-2008,0.20
27-03-2008,-0.02
28-03-2008,-0.10
31-03-2008,0.00
01-04-2008,0.03
02-04-2008,-0.07
03-04-2008,-0.01
04-04-2008,0.00
07-04-2008,0.02
08-04-2008,0.04
09-04-2008,0.01
10-04-2008,-0.02
11-04-2008,-0.07
14-04-2008,-0.13
15-04-2008,0.06
16-04-2008,0.09
17-04-2008,0.18
18-04-2008,0.12
21-04-2008,0.05
22-04-2008,0.12
23-04-2008,0.20
24-04-2008,0.02
25-04-2008,0.03
28-04-2008,0.01
29-04-2008,0.02
30-04-2008,0.01
01-05-2008,0.18
02-05-2008,0.11
05-05-2008,0.07
06-05-2008,0.16
07-05-2008,0.11
08-05-2008,0.07
09-05-2008,0.14
12-05-2008,0.02
13-05-2008,0.06
14-05-2008,0.10
15-05-2008,0.16
16-05-2008,0.22
19-05-2008,0.17
20-05-2008,0.06
21-05-2008,0.02
22-05-2008,-0.02
23-05-2008,-0.08
27-05-2008,-0.14
28-05-2008,-0.23
29-05-2008,-0.15
30-05-2008,-0.10
02-06-2008,-0.06
03-06-2008,-0.11
04-06-2008,0.04
05-06-2008,-0.02
06-06-2008,-0.02
09-06-2008,-0.12
10-06-2008,-0.07
11-06-2008,-0.15
12-06-2008,-0.07
13-06-2008,-0.14
16-06-2008,-0.08
17-06-2008,-0.08
18-06-2008,-0.02
19-06-2008,0.02
20-06-2008,0.06
23-06-2008,0.00
24-06-2008,-0.01
25-06-2008,-0.08
26-06-2008,-0.09
27-06-2008,-0.09
30-06-2008,-0.18
01-07-2008,-0.11
02-07-2008,-0.19
03-07-2008,-0.19
07-07-2008,-0.20
08-07-2008,-0.09
09-07-2008,-0.19
10-07-2008,-0.11
11-07-2008,-0.07
14-07-2008,-0.04
15-07-2008,0.03
16-07-2008,0.07
17-07-2008,0.12
18-07-2008,0.28
21-07-2008,0.18
22-07-2008,0.14
23-07-2008,0.22
24-07-2008,0.09
25-07-2008,0.08
28-07-2008,-0.03
29-07-2008,0.01
30-07-2008,0.02
31-07-2008,0.03
01-08-2008,0.04
04-08-2008,0.13
05-08-2008,0.15
06-08-2008,0.14
07-08-2008,0.19
08-08-2008,0.28
11-08-2008,0.24
12-08-2008,0.25
13-08-2008,0.14
14-08-2008,0.17
15-08-2008,0.19
18-08-2008,0.01
19-08-2008,-0.04
20-08-2008,-0.14
21-08-2008,-0.13
22-08-2008,-0.08
25-08-2008,-0.18
26-08-2008,-0.15
27-08-2008,-0.03
28-08-2008,-0.06
29-08-2008,0.02
02-09-2008,-0.08
03-09-2008,-0.22
04-09-2008,-0.31
05-09-2008,-0.26
08-09-2008,-0.33
09-09-2008,-0.31
10-09-2008,-0.40
11-09-2008,-0.33
12-09-2008,-0.24
15-09-2008,-0.19
16-09-2008,-0.20
17-09-2008,-0.24
18-09-2008,-0.06
19-09-2008,-0.10
22-09-2008,-0.15
23-09-2008,-0.09
24-09-2008,0.02
25-09-2008,-0.12
26-09-2008,0.00
29-09-2008,-0.26
30-09-2008,-0.07
01-10-2008,-0.04
02-10-2008,-0.15
03-10-2008,-0.24
06-10-2008,-0.14
07-10-2008,-0.39
08-10-2008,-0.16
09-10-2008,-0.43
10-10-2008,-0.25
13-10-2008,-0.01
14-10-2008,-0.10
15-10-2008,-0.22
16-10-2008,-0.03
17-10-2008,-0.14
20-10-2008,0.08
21-10-2008,-0.12
22-10-2008,-0.34
23-10-2008,-0.32
24-10-2008,-0.14
27-10-2008,-0.09
28-10-2008,0.01
29-10-2008,-0.03
30-10-2008,0.09
31-10-2008,0.19
03-11-2008,0.33
04-11-2008,0.25
05-11-2008,0.02
06-11-2008,-0.17
07-11-2008,-0.04
10-11-2008,-0.22
11-11-2008,-0.30
12-11-2008,-0.36
13-11-2008,-0.24
14-11-2008,-0.17
17-11-2008,-0.12
18-11-2008,-0.24
19-11-2008,-0.21
20-11-2008,-0.13
21-11-2008,0.03
24-11-2008,-0.03
25-11-2008,-0.02
26-11-2008,0.08
28-11-2008,0.06
01-12-2008,0.08
02-12-2008,0.04
03-12-2008,0.01
04-12-2008,-0.13
05-12-2008,0.06
08-12-2008,-0.02
09-12-2008,0.09
10-12-2008,0.16
11-12-2008,0.12
12-12-2008,0.17
15-12-2008,0.24
16-12-2008,0.22
17-12-2008,0.17
18-12-2008,0.02
19-12-2008,0.03
22-12-2008,0.09
23-12-2008,-0.09
24-12-2008,-0.06
26-12-2008,-0.14
29-12-2008,-0.09
30-12-2008,0.03
31-12-2008,0.03
02-01-2009,0.08
05-01-2009,0.12
06-01-2009,0.07
07-01-2009,0.03
08-01-2009,0.03
09-01-2009,-0.07
12-01-2009,-0.13
13-01-2009,-0.20
14-01-2009,-0.25
15-01-2009,-0.11
16-01-2009,-0.10
20-01-2009,-0.19
21-01-2009,-0.16
22-01-2009,-0.12
23-01-2009,-0.04
26-01-2009,0.06
27-01-2009,0.03
28-01-2009,0.03
29-01-2009,0.05
30-01-2009,0.00
02-02-2009,0.13
03-02-2009,0.10
04-02-2009,0.03
05-02-2009,0.05
06-02-2009,0.11
09-02-2009,0.18
10-02-2009,0.19
11-02-2009,0.04
12-02-2009,0.02
13-02-2009,-0.01
17-02-2009,-0.14
18-02-2009,-0.16
19-02-2009,-0.28
20-02-2009,-0.17
23-02-2009,-0.20
24-02-2009,-0.14
25-02-2009,-0.03
26-02-2009,-0.10
27-02-2009,-0.10
02-03-2009,-0.01
03-03-2009,-0.02
04-03-2009,0.05
05-03-2009,-0.04
06-03-2009,-0.12
09-03-2009,0.04
10-03-2009,0.19
11-03-2009,0.22
12-03-2009,0.23
13-03-2009,0.27
16-03-2009,0.23
17-03-2009,0.31
18-03-2009,0.32
19-03-2009,0.14
20-03-2009,0.09
23-03-2009,0.08
24-03-2009,0.04
25-03-2009,0.11
26-03-2009,0.07
27-03-2009,-0.04
30-03-2009,-0.03
31-03-2009,-0.03
01-04-2009,0.01
02-04-2009,0.07
03-04-2009,0.05
06-04-2009,0.00
07-04-2009,0.03
08-04-2009,0.08
09-04-2009,0.13
13-04-2009,0.07
14-04-2009,-0.03
15-04-2009,0.02
16-04-2009,0.04
17-04-2009,0.00
20-04-2009,-0.08
21-04-2009,-0.07
22-04-2009,-0.03
23-04-2009,0.03
24-04-2009,-0.06
27-04-2009,-0.09
28-04-2009,-0.02
29-04-2009,0.08
30-04-2009,0.07
01-05-2009,0.07
04-05-2009,0.13
05-05-2009,0.15
06-05-2009,0.16
07-05-2009,0.10
08-05-2009,-0.05
11-05-2009,-0.02
12-05-2009,-0.10
13-05-2009,-0.17
14-05-2009,-0.11
15-05-2009,-0.12
18-05-2009,-0.05
19-05-2009,0.09
20-05-2009,-0.02
21-05-2009,-0.02
22-05-2009,-0.02
26-05-2009,0.00
27-05-2009,0.03
28-05-2009,0.03
29-05-2009,0.03
01-06-2009,0.11
02-06-2009,0.09
03-06-2009,0.12
04-06-2009,0.10
05-06-2009,0.04
08-06-2009,0.06
09-06-2009,0.07
10-06-2009,0.03
11-06-2009,0.04
12-06-2009,0.01
15-06-2009,-0.03
16-06-2009,0.00
17-06-2009,-0.01
18-06-2009,-0.07
19-06-2009,-0.07
22-06-2009,-0.05
23-06-2009,-0.01
24-06-2009,0.00
25-06-2009,0.04
26-06-2009,0.04
29-06-2009,0.05
30-06-2009,0.09
01-07-2009,0.12
02-07-2009,0.07
06-07-2009,0.10
07-07-2009,0.02
08-07-2009,-0.04
09-07-2009,-0.05
10-07-2009,-0.06
13-07-2009,-0.04
14-07-2009,0.17
15-07-2009,0.14
16-07-2009,0.27
17-07-2009,0.34
20-07-2009,0.36
21-07-2009,0.34
22-07-2009,0.32
23-07-2009,0.14
24-07-2009,0.17
27-07-2009,0.10
28-07-2009,0.05
29-07-2009,0.08
30-07-2009,0.06
31-07-2009,0.05
03-08-2009,0.01
04-08-2009,0.01
05-08-2009,-0.03
06-08-2009,-0.03
07-08-2009,-0.10
10-08-2009,-0.06
11-08-2009,-0.08
12-08-2009,-0.01
13-08-2009,-0.04
14-08-2009,-0.06
17-08-2009,-0.06
18-08-2009,-0.01
19-08-2009,0.00
20-08-2009,0.03
21-08-2009,0.00
24-08-2009,-0.03
25-08-2009,0.10
26-08-2009,0.11
27-08-2009,0.21
28-08-2009,0.17
31-08-2009,0.17
01-09-2009,0.08
02-09-2009,0.11
03-09-2009,0.03
04-09-2009,0.07
08-09-2009,-0.06
09-09-2009,-0.03
10-09-2009,-0.04
11-09-2009,-0.04
14-09-2009,-0.01
15-09-2009,0.03
16-09-2009,-0.03
17-09-2009,-0.03
18-09-2009,-0.05
21-09-2009,-0.03
22-09-2009,0.04
23-09-2009,0.04
24-09-2009,-0.03
25-09-2009,-0.03
28-09-2009,0.02
29-09-2009,0.02
30-09-2009,-0.02
01-10-2009,-0.08
02-10-2009,-0.09
05-10-2009,-0.02
06-10-2009,0.03
07-10-2009,0.01
08-10-2009,0.03
09-10-2009,0.11
12-10-2009,0.19
13-10-2009,0.27
14-10-2009,0.19
15-10-2009,0.10
16-10-2009,0.07
19-10-2009,0.08
20-10-2009,-0.02
21-10-2009,-0.08
22-10-2009,-0.11
23-10-2009,-0.13
26-10-2009,-0.06
27-10-2009,-0.09
28-10-2009,-0.16
29-10-2009,-0.11
30-10-2009,-0.10
02-11-2009,-0.22
03-11-2009,-0.13
04-11-2009,-0.14
05-11-2009,-0.08
06-11-2009,0.02
09-11-2009,0.03
10-11-2009,0.09
11-11-2009,0.19
12-11-2009,0.14
13-11-2009,0.17
16-11-2009,0.16
17-11-2009,0.14
18-11-2009,0.00
19-11-2009,-0.06
20-11-2009,-0.07
23-11-2009,-0.03
24-11-2009,-0.08
25-11-2009,-0.15
27-11-2009,-0.14
30-11-2009,0.01
01-12-2009,0.07
02-12-2009,0.04
03-12-2009,0.09
04-12-2009,0.09
07-12-2009,0.17
08-12-2009,0.11
09-12-2009,0.09
10-12-2009,0.06
11-12-2009,0.03
14-12-2009,-0.04
15-12-2009,-0.09
16-12-2009,-0.13
17-12-2009,-0.10
18-12-2009,-0.02
21-12-2009,0.00
22-12-2009,0.01
23-12-2009,0.05
24-12-2009,0.11
28-12-2009,0.15
29-12-2009,0.13
30-12-2009,0.08
31-12-2009,0.08
04-01-2010,0.11
05-01-2010,0.08
06-01-2010,0.04
07-01-2010,0.02
08-01-2010,0.11
11-01-2010,0.04
12-01-2010,-0.01
13-01-2010,0.02
14-01-2010,0.07
15-01-2010,0.02
19-01-2010,0.06
20-01-2010,0.01
21-01-2010,-0.01
22-01-2010,-0.06
25-01-2010,-0.12
26-01-2010,-0.17
27-01-2010,-0.08
28-01-2010,-0.11
29-01-2010,-0.21
01-02-2010,-0.14
02-02-2010,-0.04
03-02-2010,-0.05
04-02-2010,-0.09
05-02-2010,-0.08
08-02-2010,-0.04
09-02-2010,0.04
10-02-2010,0.01
11-02-2010,0.02
12-02-2010,0.13
16-02-2010,0.22
17-02-2010,0.15
18-02-2010,0.14
19-02-2010,0.17
22-02-2010,0.15
23-02-2010,0.07
24-02-2010,-0.03
25-02-2010,-0.03
26-02-2010,0.00
01-03-2010,0.04
02-03-2010,-0.02
03-03-2010,-0.03
04-03-2010,0.02
05-03-2010,0.06
08-03-2010,0.01
09-03-2010,0.04
10-03-2010,0.02
11-03-2010,0.07
12-03-2010,0.07
15-03-2010,0.07
16-03-2010,0.16
17-03-2010,0.19
18-03-2010,0.17
19-03-2010,0.09
22-03-2010,0.14
23-03-2010,0.17
24-03-2010,0.19
25-03-2010,0.05
26-03-2010,0.03
29-03-2010,0.02
30-03-2010,0.06
31-03-2010,0.00
01-04-2010,-0.01
05-04-2010,-0.03
06-04-2010,0.00
07-04-2010,0.00
08-04-2010,0.00
09-04-2010,0.05
12-04-2010,0.03
13-04-2010,0.14
14-04-2010,0.17
15-04-2010,0.21
16-04-2010,0.19
19-04-2010,0.23
20-04-2010,0.18
21-04-2010,0.12
22-04-2010,0.05
23-04-2010,0.03
26-04-2010,-0.04
27-04-2010,-0.06
28-04-2010,-0.11
29-04-2010,-0.08
30-04-2010,-0.07
03-05-2010,-0.13
04-05-2010,-0.23
05-05-2010,-0.18
06-05-2010,-0.25
07-05-2010,-0.11
10-05-2010,-0.12
11-05-2010,-0.03
12-05-2010,0.03
13-05-2010,0.01
14-05-2010,-0.05
17-05-2010,0.11
18-05-2010,-0.10
19-05-2010,-0.17
20-05-2010,-0.28
21-05-2010,-0.26
24-05-2010,-0.27
25-05-2010,-0.08
26-05-2010,-0.12
27-05-2010,0.02
28-05-2010,0.04
01-06-2010,0.13
02-06-2010,0.13
03-06-2010,0.18
04-06-2010,-0.02
07-06-2010,-0.12
08-06-2010,-0.16
09-06-2010,-0.13
10-06-2010,-0.13
11-06-2010,-0.13
14-06-2010,-0.06
15-06-2010,0.06
16-06-2010,0.18
17-06-2010,0.15
18-06-2010,0.17
21-06-2010,0.11
22-06-2010,0.00
23-06-2010,-0.06
24-06-2010,-0.13
25-06-2010,-0.19
28-06-2010,-0.20
29-06-2010,-0.25
30-06-2010,-0.22
01-07-2010,-0.21
02-07-2010,-0.14
06-07-2010,-0.12
07-07-2010,0.03
08-07-2010,0.01
09-07-2010,0.08
12-07-2010,0.19
13-07-2010,0.36
14-07-2010,0.23
15-07-2010,0.25
16-07-2010,0.11
19-07-2010,0.14
20-07-2010,0.15
21-07-2010,0.05
22-07-2010,-0.05
23-07-2010,0.04
26-07-2010,0.03
27-07-2010,0.06
28-07-2010,0.03
29-07-2010,-0.10
30-07-2010,-0.06
02-08-2010,-0.08
03-08-2010,-0.09
04-08-2010,-0.11
05-08-2010,-0.13
06-08-2010,-0.06
09-08-2010,-0.07
10-08-2010,-0.16
11-08-2010,-0.21
12-08-2010,-0.19
13-08-2010,-0.19
16-08-2010,-0.09
17-08-2010,-0.16
18-08-2010,-0.15
19-08-2010,-0.08
20-08-2010,-0.03
23-08-2010,-0.10
24-08-2010,-0.11
25-08-2010,-0.14
26-08-2010,-0.17
27-08-2010,-0.09
30-08-2010,-0.13
31-08-2010,-0.13
01-09-2010,-0.04
02-09-2010,0.04
03-09-2010,-0.03
07-09-2010,-0.02
08-09-2010,-0.02
09-09-2010,0.01
10-09-2010,0.04
13-09-2010,0.04
14-09-2010,0.02
15-09-2010,0.04
16-09-2010,0.13
17-09-2010,0.11
20-09-2010,0.12
21-09-2010,0.11
22-09-2010,0.04
23-09-2010,0.07
24-09-2010,0.09
27-09-2010,0.04
28-09-2010,0.08
29-09-2010,0.06
30-09-2010,0.06
01-10-2010,0.05
04-10-2010,-0.02
05-10-2010,-0.02
06-10-2010,0.01
07-10-2010,-0.01
08-10-2010,0.03
11-10-2010,0.02
12-10-2010,0.09
13-10-2010,0.03
14-10-2010,0.03
15-10-2010,-0.02
18-10-2010,-0.05
19-10-2010,-0.04
20-10-2010,0.01
21-10-2010,-0.02
22-10-2010,0.08
25-10-2010,0.04
26-10-2010,0.09
27-10-2010,0.16
28-10-2010,0.15
29-10-2010,0.08
01-11-2010,0.11
02-11-2010,0.07
03-11-2010,0.13
04-11-2010,0.16
05-11-2010,0.16
08-11-2010,0.12
09-11-2010,0.12
10-11-2010,0.03
11-11-2010,0.14
12-11-2010,0.13
15-11-2010,0.02
16-11-2010,-0.05
17-11-2010,-0.02
18-11-2010,-0.03
19-11-2010,0.03
22-11-2010,-0.05
23-11-2010,-0.05
24-11-2010,0.01
26-11-2010,0.02
29-11-2010,0.02
30-11-2010,0.07
01-12-2010,0.07
02-12-2010,0.07
03-12-2010,0.05
06-12-2010,0.08
07-12-2010,0.07
08-12-2010,0.11
09-12-2010,0.06
10-12-2010,0.07
13-12-2010,-0.03
14-12-2010,-0.04
15-12-2010,-0.06
16-12-2010,-0.05
17-12-2010,-0.08
20-12-2010,-0.08
21-12-2010,-0.14
22-12-2010,-0.07
23-12-2010,-0.08
27-12-2010,-0.07
28-12-2010,-0.05
29-12-2010,-0.06
30-12-2010,-0.03
31-12-2010,0.00
03-01-2011,0.04
04-01-2011,0.06
05-01-2011,-0.02
06-01-2011,-0.03
07-01-2011,-0.03
10-01-2011,-0.03
11-01-2011,0.04
12-01-2011,0.02
13-01-2011,0.02
14-01-2011,0.05
18-01-2011,0.05
19-01-2011,0.03
20-01-2011,0.02
21-01-2011,-0.03
24-01-2011,0.00
25-01-2011,0.05
26-01-2011,0.09
27-01-2011,0.09
28-01-2011,0.08
31-01-2011,0.07
01-02-2011,0.06
02-02-2011,0.04
03-02-2011,-0.01
04-02-2011,0.02
07-02-2011,0.01
08-02-2011,0.02
09-02-2011,0.02
10-02-2011,0.04
11-02-2011,0.03
14-02-2011,0.00
15-02-2011,-0.02
16-02-2011,0.00
17-02-2011,0.07
18-02-2011,0.07
22-02-2011,0.01
23-02-2011,-0.07
24-02-2011,0.00
25-02-2011,0.02
28-02-2011,-0.01
01-03-2011,-0.09
02-03-2011,-0.04
03-03-2011,0.02
04-03-2011,0.08
07-03-2011,-0.03
08-03-2011,-0.09
09-03-2011,-0.09
10-03-2011,-0.10
11-03-2011,-0.13
14-03-2011,-0.21
15-03-2011,-0.22
16-03-2011,-0.16
17-03-2011,-0.14
18-03-2011,-0.14
21-03-2011,-0.06
22-03-2011,-0.08
23-03-2011,0.04
24-03-2011,0.04
25-03-2011,0.05
28-03-2011,0.03
29-03-2011,0.07
30-03-2011,0.01
31-03-2011,0.04
01-04-2011,-0.10
04-04-2011,-0.09
05-04-2011,-0.08
06-04-2011,-0.04
07-04-2011,-0.05
08-04-2011,-0.03
11-04-2011,-0.05
12-04-2011,0.01
13-04-2011,0.01
14-04-2011,-0.03
15-04-2011,-0.05
18-04-2011,-0.05
19-04-2011,0.15
20-04-2011,0.18
21-04-2011,0.19
25-04-2011,0.28
26-04-2011,0.38
27-04-2011,0.38
28-04-2011,0.41
29-04-2011,0.24
02-05-2011,0.19
03-05-2011,0.25
04-05-2011,0.23
05-05-2011,0.14
06-05-2011,0.11
09-05-2011,0.03
10-05-2011,0.06
11-05-2011,0.08
12-05-2011,0.08
13-05-2011,-0.02
16-05-2011,-0.01
17-05-2011,0.06
18-05-2011,0.06
19-05-2011,0.02
20-05-2011,-0.04
23-05-2011,-0.10
24-05-2011,-0.10
25-05-2011,-0.10
26-05-2011,-0.15
27-05-2011,-0.11
31-05-2011,-0.13
01-06-2011,-0.12
02-06-2011,-0.14
03-06-2011,-0.10
06-06-2011,-0.07
07-06-2011,-0.07
08-06-2011,-0.08
09-06-2011,-0.10
10-06-2011,-0.07
13-06-2011,-0.03
14-06-2011,-0.01
15-06-2011,-0.08
16-06-2011,-0.04
17-06-2011,-0.09
20-06-2011,-0.03
21-06-2011,0.01
22-06-2011,-0.05
23-06-2011,-0.01
24-06-2011,-0.04
27-06-2011,-0.03
28-06-2011,0.05
29-06-2011,0.00
30-06-2011,0.09
01-07-2011,0.19
05-07-2011,0.11
06-07-2011,0.23
07-07-2011,0.21
08-07-2011,0.17
11-07-2011,0.15
12-07-2011,0.05
13-07-2011,-0.01
14-07-2011,-0.02
15-07-2011,-0.09
18-07-2011,-0.07
19-07-2011,0.03
20-07-2011,-0.04
21-07-2011,0.05
22-07-2011,0.05
25-07-2011,0.10
26-07-2011,0.05
27-07-2011,0.00
28-07-2011,-0.10
29-07-2011,0.03
01-08-2011,-0.12
02-08-2011,-0.15
03-08-2011,-0.18
04-08-2011,-0.19
05-08-2011,-0.26
08-08-2011,-0.24
09-08-2011,-0.28
10-08-2011,-0.23
11-08-2011,-0.11
12-08-2011,-0.10
15-08-2011,-0.04
16-08-2011,0.04
17-08-2011,-0.02
18-08-2011,-0.09
19-08-2011,-0.07
22-08-2011,-0.19
23-08-2011,-0.16
24-08-2011,-0.12
25-08-2011,-0.15
26-08-2011,-0.03
29-08-2011,0.08
30-08-2011,0.09
31-08-2011,0.12
01-09-2011,0.03
02-09-2011,-0.08
06-09-2011,0.08
07-09-2011,0.01
08-09-2011,-0.05
09-09-2011,-0.10
12-09-2011,0.00
13-09-2011,0.14
14-09-2011,0.27
15-09-2011,0.21
16-09-2011,0.23
19-09-2011,0.29
20-09-2011,0.35
21-09-2011,0.17
22-09-2011,0.07
23-09-2011,0.12
26-09-2011,0.12
27-09-2011,0.11
28-09-2011,0.05
29-09-2011,-0.03
30-09-2011,-0.05
03-10-2011,-0.13
04-10-2011,-0.12
05-10-2011,-0.08
06-10-2011,-0.08
07-10-2011,0.01
10-10-2011,0.11
11-10-2011,0.24
12-10-2011,0.34
13-10-2011,0.28
14-10-2011,0.19
17-10-2011,0.15
18-10-2011,0.20
19-10-2011,0.14
20-10-2011,0.11
21-10-2011,0.13
24-10-2011,0.14
25-10-2011,0.20
26-10-2011,0.23
27-10-2011,0.11
28-10-2011,0.09
31-10-2011,0.03
01-11-2011,0.00
02-11-2011,-0.06
03-11-2011,-0.07
04-11-2011,-0.13
07-11-2011,-0.03
08-11-2011,-0.02
09-11-2011,0.03
10-11-2011,0.07
11-11-2011,0.13
14-11-2011,0.08
15-11-2011,0.19
16-11-2011,0.06
17-11-2011,-0.01
18-11-2011,-0.02
21-11-2011,-0.12
22-11-2011,-0.23
23-11-2011,-0.28
25-11-2011,-0.25
28-11-2011,-0.18
29-11-2011,0.02
30-11-2011,0.12
01-12-2011,0.22
02-12-2011,0.26
05-12-2011,0.34
06-12-2011,0.27
07-12-2011,0.26
08-12-2011,0.02
09-12-2011,-0.10
12-12-2011,-0.13
13-12-2011,-0.21
14-12-2011,-0.20
15-12-2011,-0.25
16-12-2011,-0.28
19-12-2011,-0.13
20-12-2011,-0.03
21-12-2011,-0.03
22-12-2011,0.09
23-12-2011,0.12
27-12-2011,0.14
28-12-2011,0.13
29-12-2011,0.13
30-12-2011,0.09
03-01-2012,0.10
04-01-2012,0.12
05-01-2012,0.10
06-01-2012,0.12
09-01-2012,0.18
10-01-2012,0.13
11-01-2012,0.16
12-01-2012,0.15
13-01-2012,0.02
17-01-2012,-0.01
18-01-2012,0.01
19-01-2012,0.02
20-01-2012,0.12
23-01-2012,0.11
24-01-2012,0.16
25-01-2012,0.23
26-01-2012,0.20
27-01-2012,0.13
30-01-2012,0.12
31-01-2012,0.05
01-02-2012,-0.02
02-02-2012,0.01
03-02-2012,-0.02
06-02-2012,0.03
07-02-2012,0.05
08-02-2012,0.04
09-02-2012,0.03
10-02-2012,0.06
13-02-2012,-0.01
14-02-2012,0.04
15-02-2012,-0.03
16-02-2012,0.03
17-02-2012,0.06
21-02-2012,0.05
22-02-2012,-0.04
23-02-2012,0.02
24-02-2012,-0.05
27-02-2012,0.07
28-02-2012,0.05
29-02-2012,-0.04
01-03-2012,-0.02
02-03-2012,0.04
05-03-2012,-0.06
06-03-2012,0.01
07-03-2012,0.01
08-03-2012,-0.05
09-03-2012,0.00
12-03-2012,0.03
13-03-2012,0.08
14-03-2012,0.17
15-03-2012,0.17
16-03-2012,0.08
19-03-2012,0.10
20-03-2012,0.10
21-03-2012,0.08
22-03-2012,0.06
23-03-2012,0.07
26-03-2012,0.06
27-03-2012,0.07
28-03-2012,0.01
29-03-2012,0.08
30-03-2012,0.05
02-04-2012,0.05
03-04-2012,-0.02
04-04-2012,-0.05
05-04-2012,-0.05
09-04-2012,-0.01
10-04-2012,-0.10
11-04-2012,-0.01
12-04-2012,0.00
13-04-2012,0.05
16-04-2012,0.08
17-04-2012,-0.02
18-04-2012,0.02
19-04-2012,0.01
20-04-2012,-0.08
23-04-2012,-0.13
24-04-2012,-0.11
25-04-2012,-0.09
26-04-2012,0.07
27-04-2012,0.08
30-04-2012,0.10
01-05-2012,0.20
02-05-2012,0.29
03-05-2012,0.15
04-05-2012,0.03
07-05-2012,-0.05
08-05-2012,-0.15
09-05-2012,-0.13
10-05-2012,-0.19
11-05-2012,-0.26
14-05-2012,-0.18
15-05-2012,-0.12
16-05-2012,-0.14
17-05-2012,-0.12
18-05-2012,-0.17
21-05-2012,-0.13
22-05-2012,-0.26
23-05-2012,-0.20
24-05-2012,-0.17
25-05-2012,-0.06
29-05-2012,-0.05
30-05-2012,-0.04
31-05-2012,-0.11
01-06-2012,-0.03
04-06-2012,-0.07
05-06-2012,-0.03
06-06-2012,0.04
07-06-2012,0.00
08-06-2012,0.10
11-06-2012,0.09
12-06-2012,0.16
13-06-2012,0.21
14-06-2012,0.20
15-06-2012,0.12
18-06-2012,0.24
19-06-2012,0.13
20-06-2012,0.19
21-06-2012,0.05
22-06-2012,0.00
25-06-2012,-0.11
26-06-2012,-0.16
27-06-2012,-0.22
28-06-2012,-0.17
29-06-2012,-0.14
02-07-2012,-0.02
03-07-2012,0.02
05-07-2012,0.04
06-07-2012,-0.01
09-07-2012,-0.02
10-07-2012,-0.10
11-07-2012,-0.19
12-07-2012,-0.26
13-07-2012,-0.21
16-07-2012,-0.15
17-07-2012,-0.12
18-07-2012,0.06
19-07-2012,0.04
20-07-2012,-0.01
23-07-2012,0.05
24-07-2012,-0.03
25-07-2012,0.04
26-07-2012,0.07
27-07-2012,-0.04
30-07-2012,-0.02
31-07-2012,0.11
01-08-2012,0.07
02-08-2012,0.20
03-08-2012,0.11
06-08-2012,0.13
07-08-2012,0.10
08-08-2012,0.15
09-08-2012,0.15
10-08-2012,0.18
13-08-2012,0.07
14-08-2012,0.00
15-08-2012,0.00
16-08-2012,0.01
17-08-2012,-0.06
20-08-2012,-0.05
21-08-2012,-0.12
22-08-2012,-0.16
23-08-2012,-0.16
24-08-2012,-0.21
27-08-2012,-0.25
28-08-2012,-0.18
29-08-2012,-0.24
30-08-2012,-0.19
31-08-2012,-0.08
04-09-2012,-0.09
05-09-2012,-0.05
06-09-2012,-0.09
07-09-2012,-0.13
10-09-2012,-0.18
11-09-2012,-0.15
12-09-2012,-0.28
13-09-2012,-0.13
14-09-2012,-0.16
17-09-2012,-0.11
18-09-2012,-0.06
19-09-2012,-0.03
20-09-2012,-0.03
21-09-2012,-0.01
24-09-2012,-0.07
25-09-2012,-0.10
26-09-2012,-0.08
27-09-2012,-0.06
28-09-2012,-0.05
01-10-2012,-0.04
02-10-2012,-0.01
03-10-2012,-0.05
04-10-2012,0.01
05-10-2012,-0.02
08-10-2012,-0.12
09-10-2012,-0.11
10-10-2012,-0.14
11-10-2012,-0.17
12-10-2012,-0.14
15-10-2012,-0.09
16-10-2012,-0.19
17-10-2012,-0.05
18-10-2012,-0.04
19-10-2012,-0.06
22-10-2012,-0.04
23-10-2012,0.03
24-10-2012,-0.05
25-10-2012,0.07
26-10-2012,0.03
31-10-2012,0.01
01-11-2012,0.14
02-11-2012,0.13
05-11-2012,0.03
06-11-2012,0.02
07-11-2012,-0.09
08-11-2012,-0.13
09-11-2012,-0.09
12-11-2012,-0.22
13-11-2012,-0.22
14-11-2012,-0.24
15-11-2012,-0.20
16-11-2012,-0.13
19-11-2012,-0.14
20-11-2012,-0.19
21-11-2012,-0.14
23-11-2012,-0.11
26-11-2012,-0.01
27-11-2012,-0.03
28-11-2012,-0.02
29-11-2012,-0.03
30-11-2012,0.05
03-12-2012,0.01
04-12-2012,0.03
05-12-2012,0.00
06-12-2012,0.06
07-12-2012,0.04
10-12-2012,0.07
11-12-2012,0.14
12-12-2012,0.14
13-12-2012,0.08
14-12-2012,0.08
17-12-2012,0.05
18-12-2012,0.13
19-12-2012,0.14
20-12-2012,-0.03
21-12-2012,0.01
24-12-2012,0.03
26-12-2012,0.02
27-12-2012,-0.04
28-12-2012,-0.11
31-12-2012,-0.01
02-01-2013,0.11
03-01-2013,0.10
04-01-2013,0.07
07-01-2013,0.07
08-01-2013,0.12
09-01-2013,0.19
10-01-2013,0.09
11-01-2013,0.08
14-01-2013,0.08
15-01-2013,0.09
16-01-2013,0.12
17-01-2013,0.02
18-01-2013,-0.05
22-01-2013,-0.08
23-01-2013,-0.12
24-01-2013,-0.13
25-01-2013,-0.13
28-01-2013,-0.14
29-01-2013,-0.01
30-01-2013,0.00
31-01-2013,0.00
01-02-2013,0.03
04-02-2013,0.05
05-02-2013,0.05
06-02-2013,0.01
07-02-2013,-0.01
08-02-2013,-0.01
11-02-2013,0.01
12-02-2013,0.01
13-02-2013,0.00
14-02-2013,0.01
15-02-2013,0.03
19-02-2013,0.02
20-02-2013,-0.04
21-02-2013,-0.10
22-02-2013,-0.09
25-02-2013,-0.09
26-02-2013,-0.08
27-02-2013,-0.04
28-02-2013,-0.04
01-03-2013,0.06
04-03-2013,0.15
05-03-2013,0.13
06-03-2013,0.18
07-03-2013,0.19
08-03-2013,0.09
11-03-2013,0.12
12-03-2013,0.06
13-03-2013,0.06
14-03-2013,0.01
15-03-2013,-0.08
18-03-2013,-0.10
19-03-2013,-0.03
20-03-2013,-0.09
21-03-2013,-0.06
22-03-2013,-0.05
25-03-2013,-0.05
26-03-2013,0.05
27-03-2013,0.08
28-03-2013,0.05
01-04-2013,0.07
02-04-2013,0.04
03-04-2013,-0.05
04-04-2013,-0.05
05-04-2013,-0.10
08-04-2013,-0.11
09-04-2013,0.01
10-04-2013,0.03
11-04-2013,0.04
12-04-2013,0.06
15-04-2013,0.08
16-04-2013,0.12
17-04-2013,0.13
18-04-2013,0.08
19-04-2013,0.11
22-04-2013,0.17
23-04-2013,0.25
24-04-2013,0.31
25-04-2013,0.21
26-04-2013,0.19
29-04-2013,0.20
30-04-2013,0.19
01-05-2013,0.11
02-05-2013,0.16
03-05-2013,0.11
06-05-2013,0.13
07-05-2013,0.11
08-05-2013,0.10
09-05-2013,0.11
10-05-2013,0.13
13-05-2013,-0.02
14-05-2013,-0.04
15-05-2013,0.02
16-05-2013,0.01
17-05-2013,-0.02
20-05-2013,-0.04
21-05-2013,-0.04
22-05-2013,-0.03
23-05-2013,0.01
24-05-2013,0.01
28-05-2013,-0.02
29-05-2013,0.03
30-05-2013,0.01
31-05-2013,0.11
03-06-2013,0.24
04-06-2013,0.17
05-06-2013,0.08
06-06-2013,0.06
07-06-2013,0.06
10-06-2013,0.08
11-06-2013,0.01
12-06-2013,-0.16
13-06-2013,-0.01
14-06-2013,0.05
17-06-2013,0.09
18-06-2013,0.11
19-06-2013,-0.02
20-06-2013,-0.09
21-06-2013,-0.05
24-06-2013,-0.17
25-06-2013,-0.13
26-06-2013,-0.14
27-06-2013,-0.22
28-06-2013,-0.05
01-07-2013,-0.06
02-07-2013,-0.06
03-07-2013,0.02
05-07-2013,-0.05
08-07-2013,-0.11
09-07-2013,-0.11
10-07-2013,-0.11
11-07-2013,0.01
12-07-2013,0.02
15-07-2013,0.01
16-07-2013,0.06
17-07-2013,0.02
18-07-2013,0.00
19-07-2013,-0.07
22-07-2013,-0.16
23-07-2013,-0.13
24-07-2013,-0.16
25-07-2013,-0.19
26-07-2013,-0.04
29-07-2013,0.03
30-07-2013,0.04
31-07-2013,0.08
01-08-2013,0.04
02-08-2013,0.05
05-08-2013,0.03
06-08-2013,-0.04
07-08-2013,-0.04
08-08-2013,-0.10
