02-01-1998,0.46
05-01-1998,0.14
06-01-1998,-0.20
07-01-1998,-0.10
08-01-1998,0.44
09-01-1998,-0.72
12-01-1998,1.07
13-01-1998,0.12
14-01-1998,-0.41
15-01-1998,0.18
16-01-1998,-0.13
20-01-1998,0.06
21-01-1998,0.11
22-01-1998,0.17
23-01-1998,0.02
26-01-1998,0.17
27-01-1998,0.37
28-01-1998,0.11
29-01-1998,0.42
30-01-1998,-0.01
02-02-1998,0.30
03-02-1998,0.41
04-02-1998,0.50
05-02-1998,-0.58
06-02-1998,0.32
09-02-1998,-0.38
10-02-1998,0.05
11-02-1998,-0.35
12-02-1998,0.10
13-02-1998,0.05
17-02-1998,-0.05
18-02-1998,0.89
19-02-1998,0.43
20-02-1998,0.34
23-02-1998,0.22
24-02-1998,-0.28
25-02-1998,0.20
26-02-1998,-0.35
27-02-1998,-0.41
02-03-1998,-0.74
03-03-1998,-0.19
04-03-1998,-1.90
05-03-1998,0.45
06-03-1998,0.17
09-03-1998,-0.34
10-03-1998,0.01
11-03-1998,-0.08
12-03-1998,0.17
13-03-1998,0.02
16-03-1998,0.07
17-03-1998,-0.30
18-03-1998,0.28
19-03-1998,0.02
20-03-1998,-0.38
23-03-1998,-0.06
24-03-1998,0.13
25-03-1998,0.20
26-03-1998,0.25
27-03-1998,0.07
30-03-1998,-0.37
31-03-1998,0.16
01-04-1998,-0.11
02-04-1998,-0.06
03-04-1998,-0.08
06-04-1998,-0.42
07-04-1998,-0.19
08-04-1998,0.20
09-04-1998,-0.03
13-04-1998,0.34
14-04-1998,0.50
15-04-1998,-0.91
16-04-1998,0.11
17-04-1998,0.17
20-04-1998,0.54
21-04-1998,0.29
22-04-1998,0.77
23-04-1998,-0.26
24-04-1998,-0.31
27-04-1998,0.11
28-04-1998,-0.25
29-04-1998,0.22
30-04-1998,0.06
01-05-1998,0.25
04-05-1998,-0.10
05-05-1998,0.08
06-05-1998,-0.14
07-05-1998,-0.16
08-05-1998,0.62
11-05-1998,-0.28
12-05-1998,0.42
13-05-1998,-0.16
14-05-1998,-0.12
15-05-1998,-0.61
18-05-1998,-0.06
19-05-1998,-0.13
20-05-1998,-0.52
21-05-1998,-0.30
22-05-1998,0.13
26-05-1998,-0.37
27-05-1998,0.02
28-05-1998,0.00
29-05-1998,-0.87
01-06-1998,-0.02
02-06-1998,0.22
03-06-1998,-0.48
04-06-1998,0.30
05-06-1998,0.14
08-06-1998,-0.14
09-06-1998,0.12
10-06-1998,-0.19
11-06-1998,-0.07
12-06-1998,-0.23
15-06-1998,0.09
16-06-1998,0.41
17-06-1998,-0.14
18-06-1998,0.29
19-06-1998,-0.14
22-06-1998,0.94
23-06-1998,0.06
24-06-1998,0.42
25-06-1998,-0.32
26-06-1998,0.25
29-06-1998,-0.40
30-06-1998,-0.02
01-07-1998,-0.02
02-07-1998,-0.40
06-07-1998,0.12
07-07-1998,0.48
08-07-1998,0.37
09-07-1998,0.37
10-07-1998,0.05
13-07-1998,0.57
14-07-1998,-0.30
15-07-1998,0.56
16-07-1998,-0.02
17-07-1998,-0.29
20-07-1998,-0.19
21-07-1998,-0.14
22-07-1998,0.20
23-07-1998,0.20
24-07-1998,-0.10
27-07-1998,0.88
28-07-1998,-0.08
29-07-1998,-0.13
30-07-1998,0.31
31-07-1998,-0.71
03-08-1998,0.34
04-08-1998,-0.64
05-08-1998,0.19
06-08-1998,0.94
07-08-1998,-0.31
10-08-1998,-0.38
11-08-1998,0.24
12-08-1998,0.07
13-08-1998,0.01
14-08-1998,-0.04
17-08-1998,0.71
18-08-1998,0.48
19-08-1998,-0.95
20-08-1998,-0.47
21-08-1998,0.12
24-08-1998,0.05
25-08-1998,-0.53
26-08-1998,-0.25
27-08-1998,-0.58
28-08-1998,-0.29
31-08-1998,-1.14
01-09-1998,1.03
02-09-1998,-0.24
03-09-1998,0.51
04-09-1998,0.67
08-09-1998,0.31
09-09-1998,-0.59
10-09-1998,0.67
11-09-1998,0.29
14-09-1998,0.05
15-09-1998,0.20
16-09-1998,-0.64
17-09-1998,0.08
18-09-1998,-0.37
21-09-1998,0.73
22-09-1998,-0.18
23-09-1998,0.50
24-09-1998,-0.41
25-09-1998,0.73
28-09-1998,-0.20
29-09-1998,-0.01
30-09-1998,-0.59
01-10-1998,-0.28
02-10-1998,-0.05
05-10-1998,0.00
06-10-1998,-0.73
07-10-1998,-0.37
08-10-1998,0.55
09-10-1998,1.00
12-10-1998,-0.07
13-10-1998,-0.34
14-10-1998,-0.08
15-10-1998,0.55
16-10-1998,-0.40
19-10-1998,0.50
20-10-1998,-0.11
21-10-1998,0.20
22-10-1998,0.06
23-10-1998,0.10
26-10-1998,0.46
27-10-1998,-0.51
28-10-1998,0.35
29-10-1998,0.26
30-10-1998,-0.05
02-11-1998,0.28
03-11-1998,0.09
04-11-1998,0.46
05-11-1998,-0.04
06-11-1998,0.21
09-11-1998,0.29
10-11-1998,1.02
11-11-1998,0.20
12-11-1998,-0.26
13-11-1998,0.73
16-11-1998,0.19
17-11-1998,0.42
18-11-1998,0.47
19-11-1998,0.59
20-11-1998,-0.38
23-11-1998,0.12
24-11-1998,-0.30
25-11-1998,-0.31
27-11-1998,0.30
30-11-1998,-0.98
01-12-1998,1.56
02-12-1998,-0.07
03-12-1998,-0.06
04-12-1998,0.65
07-12-1998,0.70
08-12-1998,0.19
09-12-1998,-0.52
10-12-1998,-0.78
11-12-1998,0.00
14-12-1998,-0.31
15-12-1998,0.70
16-12-1998,-0.31
17-12-1998,0.95
18-12-1998,0.13
21-12-1998,0.36
22-12-1998,0.50
23-12-1998,-0.04
24-12-1998,0.17
28-12-1998,-0.69
29-12-1998,-0.31
30-12-1998,-0.14
31-12-1998,0.04
04-01-1999,0.11
05-01-1999,1.04
06-01-1999,0.34
07-01-1999,0.67
08-01-1999,0.52
11-01-1999,1.65
12-01-1999,-2.13
13-01-1999,1.67
14-01-1999,-1.11
15-01-1999,0.61
19-01-1999,0.66
20-01-1999,-0.75
21-01-1999,-1.20
22-01-1999,-0.16
25-01-1999,0.57
26-01-1999,0.72
27-01-1999,0.10
28-01-1999,0.14
29-01-1999,0.54
01-02-1999,-0.52
02-02-1999,-0.86
03-02-1999,0.63
04-02-1999,-0.96
05-02-1999,-0.36
08-02-1999,0.34
09-02-1999,-1.19
10-02-1999,0.81
11-02-1999,0.29
12-02-1999,-0.38
16-02-1999,-1.01
17-02-1999,0.40
18-02-1999,0.46
19-02-1999,-0.12
22-02-1999,0.87
23-02-1999,0.33
24-02-1999,-0.96
25-02-1999,-1.02
26-02-1999,-0.93
01-03-1999,-0.61
02-03-1999,-0.51
03-03-1999,0.54
04-03-1999,0.08
05-03-1999,0.29
08-03-1999,0.28
09-03-1999,-0.43
10-03-1999,0.19
11-03-1999,0.18
12-03-1999,0.00
15-03-1999,-0.08
16-03-1999,0.44
17-03-1999,0.20
18-03-1999,0.41
19-03-1999,-0.93
22-03-1999,-0.69
23-03-1999,-0.16
24-03-1999,1.06
25-03-1999,-0.44
26-03-1999,-0.07
29-03-1999,0.60
30-03-1999,0.35
31-03-1999,-0.49
01-04-1999,0.37
05-04-1999,0.95
06-04-1999,0.89
07-04-1999,0.11
08-04-1999,0.07
09-04-1999,-1.76
12-04-1999,0.50
13-04-1999,-0.60
14-04-1999,-1.11
15-04-1999,-0.24
16-04-1999,-0.27
19-04-1999,-0.36
20-04-1999,0.50
21-04-1999,0.94
22-04-1999,0.75
23-04-1999,0.29
26-04-1999,0.53
27-04-1999,-0.62
28-04-1999,-0.36
29-04-1999,0.02
30-04-1999,-0.14
03-05-1999,0.62
04-05-1999,-0.42
05-05-1999,0.70
06-05-1999,-1.08
07-05-1999,0.17
10-05-1999,0.05
11-05-1999,0.36
12-05-1999,0.29
13-05-1999,-1.37
14-05-1999,-0.70
17-05-1999,0.87
18-05-1999,-0.29
19-05-1999,0.34
20-05-1999,-0.86
21-05-1999,-0.18
24-05-1999,-0.36
25-05-1999,-0.99
26-05-1999,-0.58
27-05-1999,0.53
28-05-1999,0.07
01-06-1999,-0.89
02-06-1999,0.39
03-06-1999,-0.36
04-06-1999,0.89
07-06-1999,-0.24
08-06-1999,-0.24
09-06-1999,0.34
10-06-1999,1.01
11-06-1999,-0.51
14-06-1999,-0.02
15-06-1999,1.06
16-06-1999,-0.10
17-06-1999,-0.53
18-06-1999,-0.05
21-06-1999,0.00
22-06-1999,0.05
23-06-1999,0.19
24-06-1999,-0.34
25-06-1999,0.02
28-06-1999,0.55
29-06-1999,0.84
30-06-1999,0.22
01-07-1999,1.18
02-07-1999,0.80
06-07-1999,-0.27
07-07-1999,-0.15
08-07-1999,0.65
09-07-1999,0.34
12-07-1999,-0.58
13-07-1999,0.77
14-07-1999,0.60
15-07-1999,-0.17
16-07-1999,-0.34
19-07-1999,0.02
20-07-1999,-0.77
21-07-1999,-0.02
22-07-1999,-0.32
23-07-1999,-0.55
26-07-1999,0.65
27-07-1999,1.11
28-07-1999,0.53
29-07-1999,0.51
30-07-1999,-0.10
02-08-1999,0.94
03-08-1999,0.25
04-08-1999,-0.41
05-08-1999,-0.45
06-08-1999,0.45
09-08-1999,0.41
10-08-1999,0.39
11-08-1999,0.58
12-08-1999,0.62
13-08-1999,0.84
16-08-1999,0.02
17-08-1999,-0.34
18-08-1999,-0.36
19-08-1999,0.17
20-08-1999,0.91
23-08-1999,0.77
24-08-1999,0.17
25-08-1999,0.27
26-08-1999,-0.41
27-08-1999,0.26
30-08-1999,-0.29
31-08-1999,0.53
01-09-1999,-0.55
02-09-1999,1.85
03-09-1999,0.75
07-09-1999,-0.77
08-09-1999,-0.27
09-09-1999,0.53
10-09-1999,-0.44
13-09-1999,-0.84
14-09-1999,0.87
15-09-1999,-1.64
16-09-1999,0.07
17-09-1999,0.82
20-09-1999,-0.36
21-09-1999,-0.55
22-09-1999,0.32
23-09-1999,-3.06
24-09-1999,0.58
27-09-1999,0.50
28-09-1999,-0.19
29-09-1999,-0.89
30-09-1999,-0.36
01-10-1999,-0.02
04-10-1999,1.33
05-10-1999,-0.32
06-10-1999,-0.02
07-10-1999,-0.34
08-10-1999,0.12
11-10-1999,0.82
12-10-1999,-2.19
13-10-1999,0.02
14-10-1999,-0.22
15-10-1999,-0.61
18-10-1999,-0.36
19-10-1999,-0.82
20-10-1999,0.36
21-10-1999,1.71
22-10-1999,0.05
25-10-1999,0.48
26-10-1999,-1.37
27-10-1999,0.17
28-10-1999,1.85
29-10-1999,0.65
01-11-1999,-0.22
02-11-1999,0.52
03-11-1999,0.79
04-11-1999,0.75
05-11-1999,-0.32
08-11-1999,0.27
09-11-1999,-1.25
10-11-1999,0.31
11-11-1999,-0.26
12-11-1999,-1.13
15-11-1999,-0.65
16-11-1999,0.99
17-11-1999,-0.53
18-11-1999,0.89
19-11-1999,1.11
22-11-1999,-0.08
23-11-1999,-0.28
24-11-1999,0.79
26-11-1999,-0.67
29-11-1999,-0.70
30-11-1999,-0.92
01-12-1999,-0.17
02-12-1999,1.31
03-12-1999,-0.08
06-12-1999,-0.22
07-12-1999,-0.70
08-12-1999,-0.31
09-12-1999,-0.82
10-12-1999,-0.87
13-12-1999,1.30
14-12-1999,-0.94
15-12-1999,2.91
16-12-1999,0.63
17-12-1999,0.58
20-12-1999,-0.89
21-12-1999,0.96
22-12-1999,0.12
23-12-1999,0.02
27-12-1999,0.39
28-12-1999,-0.70
29-12-1999,0.65
30-12-1999,-0.19
31-12-1999,-0.22
03-01-2000,0.84
04-01-2000,-0.99
05-01-2000,-0.44
06-01-2000,-1.64
07-01-2000,3.18
10-01-2000,1.08
11-01-2000,0.89
12-01-2000,0.72
13-01-2000,2.22
14-01-2000,0.69
18-01-2000,0.27
19-01-2000,-0.34
20-01-2000,-1.59
21-01-2000,2.40
24-01-2000,-1.10
25-01-2000,0.53
26-01-2000,-0.53
27-01-2000,-0.82
28-01-2000,-1.40
31-01-2000,1.83
01-02-2000,1.01
02-02-2000,0.28
03-02-2000,1.04
04-02-2000,0.22
07-02-2000,1.49
08-02-2000,-0.26
09-02-2000,-1.45
10-02-2000,1.11
11-02-2000,-0.36
14-02-2000,1.40
15-02-2000,0.56
16-02-2000,-0.96
17-02-2000,0.48
18-02-2000,-2.02
22-02-2000,0.17
23-02-2000,2.75
24-02-2000,0.56
25-02-2000,-0.87
28-02-2000,0.60
29-02-2000,-0.12
01-03-2000,0.96
02-03-2000,0.62
03-03-2000,0.39
06-03-2000,-0.07
07-03-2000,-0.65
08-03-2000,-0.94
09-03-2000,1.62
10-03-2000,0.36
13-03-2000,2.10
14-03-2000,-2.00
15-03-2000,1.62
16-03-2000,0.41
17-03-2000,2.17
20-03-2000,1.95
21-03-2000,2.07
22-03-2000,0.81
23-03-2000,-0.91
24-03-2000,-0.19
27-03-2000,0.39
28-03-2000,-1.59
29-03-2000,-2.60
30-03-2000,-0.05
31-03-2000,0.67
03-04-2000,0.05
04-04-2000,-0.62
05-04-2000,-0.24
06-04-2000,0.82
07-04-2000,2.36
10-04-2000,-2.90
11-04-2000,-0.02
12-04-2000,-2.53
13-04-2000,-1.62
14-04-2000,-3.54
17-04-2000,6.41
18-04-2000,-0.44
19-04-2000,-2.92
20-04-2000,-2.63
24-04-2000,3.23
25-04-2000,1.83
26-04-2000,-2.58
27-04-2000,4.08
28-04-2000,-0.07
01-05-2000,-0.79
02-05-2000,-2.18
03-05-2000,-0.56
04-05-2000,0.10
05-05-2000,1.30
08-05-2000,-1.54
09-05-2000,-1.50
10-05-2000,-2.84
11-05-2000,3.66
12-05-2000,-0.80
15-05-2000,2.00
16-05-2000,1.01
17-05-2000,0.58
18-05-2000,-0.73
19-05-2000,-1.74
22-05-2000,0.10
23-05-2000,-3.13
24-05-2000,3.49
25-05-2000,-1.42
26-05-2000,1.64
30-05-2000,2.70
31-05-2000,-0.02
01-06-2000,2.55
02-06-2000,-0.07
05-06-2000,-0.51
06-06-2000,-1.01
07-06-2000,0.36
08-06-2000,-0.65
09-06-2000,-0.05
12-06-2000,-1.28
13-06-2000,2.46
14-06-2000,-1.59
15-06-2000,0.96
16-06-2000,-0.31
19-06-2000,2.89
20-06-2000,0.17
21-06-2000,0.62
22-06-2000,-1.06
23-06-2000,0.22
26-06-2000,-0.72
27-06-2000,-0.77
28-06-2000,-0.34
29-06-2000,-0.07
30-06-2000,1.25
03-07-2000,-0.39
05-07-2000,-0.63
06-07-2000,2.36
07-07-2000,0.05
10-07-2000,0.19
11-07-2000,0.77
12-07-2000,0.05
13-07-2000,1.40
14-07-2000,1.01
17-07-2000,-0.70
18-07-2000,0.05
19-07-2000,-2.31
20-07-2000,1.20
21-07-2000,-1.49
24-07-2000,0.21
25-07-2000,0.06
26-07-2000,-0.10
27-07-2000,-0.24
28-07-2000,-2.79
31-07-2000,1.30
01-08-2000,-1.35
02-08-2000,-2.68
03-08-2000,3.40
04-08-2000,-2.77
07-08-2000,0.09
08-08-2000,0.10
09-08-2000,0.24
10-08-2000,-0.96
11-08-2000,1.93
14-08-2000,1.83
15-08-2000,1.40
16-08-2000,-0.10
17-08-2000,1.78
18-08-2000,1.45
21-08-2000,-0.15
22-08-2000,-0.82
23-08-2000,2.36
24-08-2000,-0.48
25-08-2000,-0.49
28-08-2000,0.05
29-08-2000,0.34
30-08-2000,0.10
31-08-2000,1.35
01-09-2000,-3.53
05-09-2000,-2.31
06-09-2000,-1.12
07-09-2000,0.45
08-09-2000,-1.30
11-09-2000,-0.24
12-09-2000,-2.70
13-09-2000,0.63
14-09-2000,-2.21
15-09-2000,-0.96
18-09-2000,-0.91
19-09-2000,3.13
20-09-2000,0.63
21-09-2000,-11.81
22-09-2000,2.55
25-09-2000,-2.84
26-09-2000,-1.35
27-09-2000,-0.39
28-09-2000,-0.25
29-09-2000,-0.67
02-10-2000,-0.87
03-10-2000,-0.63
04-10-2000,0.87
05-10-2000,-0.58
06-10-2000,-0.73
09-10-2000,-0.96
10-10-2000,-1.69
11-10-2000,0.00
12-10-2000,0.08
13-10-2000,1.56
16-10-2000,-2.12
17-10-2000,-0.10
18-10-2000,4.45
19-10-2000,-0.21
20-10-2000,1.45
23-10-2000,-0.05
24-10-2000,-0.77
25-10-2000,-0.43
26-10-2000,2.94
27-10-2000,0.15
30-10-2000,-0.24
31-10-2000,-1.06
01-11-2000,1.64
02-11-2000,0.49
03-11-2000,-0.33
06-11-2000,0.09
07-11-2000,-0.39
08-11-2000,-3.04
09-11-2000,-3.33
10-11-2000,-0.77
13-11-2000,2.70
14-11-2000,0.92
15-11-2000,-0.39
16-11-2000,-0.82
17-11-2000,0.67
20-11-2000,1.11
21-11-2000,-0.15
22-11-2000,0.43
24-11-2000,1.98
27-11-2000,-1.69
28-11-2000,-0.63
29-11-2000,-3.19
30-11-2000,0.19
01-12-2000,-2.60
04-12-2000,-0.44
05-12-2000,0.58
06-12-2000,-2.17
07-12-2000,1.74
08-12-2000,0.29
11-12-2000,1.40
12-12-2000,0.63
13-12-2000,-1.69
14-12-2000,-0.77
15-12-2000,-0.29
18-12-2000,-0.34
19-12-2000,-0.63
20-12-2000,-0.73
21-12-2000,1.26
22-12-2000,-0.39
26-12-2000,-0.34
27-12-2000,-0.43
28-12-2000,-0.97
29-12-2000,-0.15
02-01-2001,-0.39
03-01-2001,2.94
04-01-2001,0.05
05-01-2001,-1.93
08-01-2001,0.75
09-01-2001,-0.69
10-01-2001,0.58
11-01-2001,0.91
12-01-2001,-1.06
16-01-2001,0.63
17-01-2001,-1.64
18-01-2001,2.02
19-01-2001,-0.63
22-01-2001,0.58
23-01-2001,1.74
24-01-2001,0.09
25-01-2001,-1.30
26-01-2001,0.86
29-01-2001,1.64
30-01-2001,-0.05
31-01-2001,-0.19
01-02-2001,0.47
02-02-2001,-2.00
05-02-2001,-0.39
06-02-2001,0.34
07-02-2001,0.29
08-02-2001,-0.83
09-02-2001,-0.48
12-02-2001,0.34
13-02-2001,-1.21
14-02-2001,2.22
15-02-2001,-0.53
16-02-2001,-0.53
20-02-2001,-2.36
21-02-2001,-0.05
22-02-2001,-0.43
23-02-2001,0.14
26-02-2001,-0.82
27-02-2001,-0.09
28-02-2001,-0.87
01-03-2001,0.19
02-03-2001,1.01
05-03-2001,1.41
06-03-2001,0.87
07-03-2001,0.15
08-03-2001,-2.12
09-03-2001,-1.31
12-03-2001,-0.19
13-03-2001,0.10
14-03-2001,1.06
15-03-2001,-1.01
16-03-2001,-0.73
19-03-2001,-0.09
20-03-2001,-2.03
21-03-2001,1.07
22-03-2001,2.75
23-03-2001,-0.15
26-03-2001,-0.87
27-03-2001,0.24
28-03-2001,-1.40
29-03-2001,-0.19
30-03-2001,-0.44
02-04-2001,-0.58
03-04-2001,-0.48
04-04-2001,-0.34
05-04-2001,0.63
06-04-2001,-1.05
09-04-2001,-0.17
10-04-2001,3.38
11-04-2001,-0.31
12-04-2001,-0.63
16-04-2001,-1.08
17-04-2001,3.07
18-04-2001,1.26
19-04-2001,0.87
20-04-2001,-0.70
23-04-2001,-0.87
24-04-2001,-0.73
25-04-2001,0.94
26-04-2001,-0.46
27-04-2001,0.95
30-04-2001,-0.06
01-05-2001,0.85
02-05-2001,-0.55
03-05-2001,-0.96
04-05-2001,0.89
07-05-2001,0.37
08-05-2001,-0.42
09-05-2001,-0.39
10-05-2001,-1.12
11-05-2001,-0.76
14-05-2001,-0.33
15-05-2001,-0.48
16-05-2001,1.38
17-05-2001,-0.19
18-05-2001,-0.12
21-05-2001,1.41
22-05-2001,-0.63
23-05-2001,-0.41
24-05-2001,0.46
25-05-2001,-0.37
29-05-2001,-1.25
30-05-2001,-0.23
31-05-2001,0.16
01-06-2001,1.45
04-06-2001,-0.20
05-06-2001,0.46
06-06-2001,0.21
07-06-2001,1.65
08-06-2001,-1.30
11-06-2001,-0.36
12-06-2001,0.15
13-06-2001,-1.04
14-06-2001,-0.93
15-06-2001,0.39
18-06-2001,0.51
19-06-2001,-1.72
20-06-2001,0.80
21-06-2001,0.09
22-06-2001,0.41
25-06-2001,0.07
26-06-2001,0.70
27-06-2001,0.18
28-06-2001,0.45
29-06-2001,-0.19
02-07-2001,0.29
03-07-2001,0.11
05-07-2001,-0.73
06-07-2001,-0.47
09-07-2001,0.54
10-07-2001,-1.22
11-07-2001,1.31
12-07-2001,0.51
13-07-2001,0.02
16-07-2001,-1.13
17-07-2001,0.23
18-07-2001,0.56
19-07-2001,-0.14
20-07-2001,0.43
23-07-2001,-0.97
24-07-2001,0.20
25-07-2001,0.12
26-07-2001,0.37
27-07-2001,-0.08
30-07-2001,-0.26
31-07-2001,1.12
01-08-2001,0.61
02-08-2001,0.51
03-08-2001,-1.25
06-08-2001,-0.37
07-08-2001,0.34
08-08-2001,-0.69
09-08-2001,0.02
10-08-2001,0.89
13-08-2001,0.03
14-08-2001,-0.33
15-08-2001,-0.67
16-08-2001,-0.19
17-08-2001,-0.85
20-08-2001,0.20
21-08-2001,-0.57
22-08-2001,0.23
23-08-2001,0.12
24-08-2001,0.75
27-08-2001,0.15
28-08-2001,-0.28
29-08-2001,-1.05
30-08-2001,-0.37
31-08-2001,0.42
04-09-2001,-0.48
05-09-2001,-0.14
06-09-2001,-0.46
07-09-2001,-0.49
10-09-2001,-0.98
17-09-2001,-0.29
18-09-2001,-0.25
19-09-2001,-1.62
20-09-2001,-1.90
21-09-2001,0.77
24-09-2001,1.21
25-09-2001,0.18
26-09-2001,-0.68
27-09-2001,-0.13
28-09-2001,-0.41
01-10-2001,-0.16
02-10-2001,-0.54
03-10-2001,1.88
04-10-2001,-0.17
05-10-2001,-0.10
08-10-2001,0.51
09-10-2001,-0.47
10-10-2001,1.52
11-10-2001,0.71
12-10-2001,0.14
15-10-2001,0.03
16-10-2001,1.25
17-10-2001,-1.19
18-10-2001,-0.47
19-10-2001,0.10
22-10-2001,1.01
23-10-2001,-0.19
24-10-2001,-0.15
25-10-2001,0.78
26-10-2001,-0.32
29-10-2001,-1.42
30-10-2001,0.12
31-10-2001,0.46
01-11-2001,1.10
02-11-2001,0.63
05-11-2001,0.03
06-11-2001,0.87
07-11-2001,0.74
08-11-2001,-0.53
09-11-2001,-0.44
12-11-2001,1.12
13-11-2001,1.09
14-11-2001,0.27
15-11-2001,-0.13
16-11-2001,0.12
19-11-2001,-0.08
20-11-2001,-0.91
21-11-2001,0.80
23-11-2001,0.66
26-11-2001,0.06
27-11-2001,0.32
28-11-2001,0.05
29-11-2001,0.19
30-11-2001,0.05
03-12-2001,-0.07
04-12-2001,0.67
05-12-2001,1.11
06-12-2001,-0.26
07-12-2001,-0.98
10-12-2001,0.36
11-12-2001,-0.05
12-12-2001,-0.01
13-12-2001,-0.53
14-12-2001,0.39
17-12-2001,0.80
18-12-2001,-0.62
19-12-2001,-0.40
20-12-2001,-0.47
21-12-2001,-0.03
24-12-2001,-0.09
26-12-2001,0.28
27-12-2001,0.41
28-12-2001,-0.61
31-12-2001,-0.19
02-01-2002,1.24
03-01-2002,2.09
04-01-2002,-0.14
07-01-2002,-0.53
08-01-2002,0.48
09-01-2002,-0.41
10-01-2002,-0.47
11-01-2002,-0.40
14-01-2002,0.50
15-01-2002,-0.76
16-01-2002,0.07
17-01-2002,-0.39
18-01-2002,0.01
22-01-2002,-1.46
23-01-2002,0.98
24-01-2002,-0.04
25-01-2002,0.74
28-01-2002,0.05
29-01-2002,-0.79
30-01-2002,1.35
31-01-2002,0.16
01-02-2002,-0.15
04-02-2002,-0.63
05-02-2002,-0.02
06-02-2002,-0.75
07-02-2002,-0.22
08-02-2002,-0.21
11-02-2002,0.67
12-02-2002,0.07
13-02-2002,0.33
14-02-2002,-0.16
15-02-2002,-1.29
19-02-2002,-0.19
20-02-2002,-0.90
21-02-2002,-0.64
22-02-2002,0.19
25-02-2002,1.15
26-02-2002,-0.54
27-02-2002,-0.34
28-02-2002,-0.78
01-03-2002,1.43
04-03-2002,1.21
05-03-2002,0.26
06-03-2002,0.52
07-03-2002,-0.24
08-03-2002,0.48
11-03-2002,-1.05
12-03-2002,-0.36
13-03-2002,-0.59
14-03-2002,-0.35
15-03-2002,0.88
18-03-2002,-0.17
19-03-2002,-0.88
20-03-2002,0.01
21-03-2002,0.39
22-03-2002,-0.31
25-03-2002,-0.53
26-03-2002,0.35
27-03-2002,0.27
28-03-2002,-0.52
01-04-2002,0.34
02-04-2002,-0.39
03-04-2002,-0.01
04-04-2002,0.46
05-04-2002,-1.25
08-04-2002,0.67
09-04-2002,-0.98
10-04-2002,0.14
11-04-2002,0.25
12-04-2002,-0.73
15-04-2002,0.67
16-04-2002,1.64
17-04-2002,-0.51
18-04-2002,0.22
19-04-2002,-0.68
22-04-2002,0.18
23-04-2002,-0.39
24-04-2002,-0.77
25-04-2002,0.60
26-04-2002,-0.98
29-04-2002,-0.12
30-04-2002,0.43
01-05-2002,-0.05
02-05-2002,-0.50
03-05-2002,-1.05
06-05-2002,-0.27
07-05-2002,0.84
08-05-2002,1.09
09-05-2002,-0.15
10-05-2002,-0.98
13-05-2002,2.11
14-05-2002,-0.19
15-05-2002,0.42
16-05-2002,0.60
17-05-2002,-0.31
20-05-2002,-0.31
21-05-2002,-1.00
22-05-2002,0.57
23-05-2002,-0.67
24-05-2002,-0.18
28-05-2002,-0.53
29-05-2002,-0.67
30-05-2002,0.71
31-05-2002,-0.38
03-06-2002,-0.93
04-06-2002,1.06
05-06-2002,-0.08
06-06-2002,-4.00
07-06-2002,-0.05
10-06-2002,-0.65
11-06-2002,-1.03
12-06-2002,1.16
13-06-2002,-0.82
14-06-2002,0.86
17-06-2002,0.37
18-06-2002,-0.91
19-06-2002,-0.65
20-06-2002,-0.77
21-06-2002,-0.54
24-06-2002,1.06
25-06-2002,-1.77
26-06-2002,1.08
27-06-2002,-0.15
28-06-2002,-0.27
01-07-2002,-0.69
02-07-2002,-0.92
03-07-2002,1.88
05-07-2002,0.43
08-07-2002,-0.76
09-07-2002,-0.02
10-07-2002,-1.18
11-07-2002,1.60
12-07-2002,-0.59
15-07-2002,0.40
16-07-2002,0.58
17-07-2002,-0.03
18-07-2002,-0.43
19-07-2002,-0.18
22-07-2002,-0.05
23-07-2002,-0.89
24-07-2002,0.78
25-07-2002,-0.45
26-07-2002,0.50
29-07-2002,0.19
30-07-2002,0.27
31-07-2002,-0.15
01-08-2002,-0.90
02-08-2002,-0.67
05-08-2002,-0.27
06-08-2002,1.29
07-08-2002,-0.31
08-08-2002,0.26
09-08-2002,-0.57
12-08-2002,0.16
13-08-2002,-0.36
14-08-2002,1.10
15-08-2002,-0.22
16-08-2002,0.43
19-08-2002,0.44
20-08-2002,0.04
21-08-2002,0.16
22-08-2002,-0.46
23-08-2002,-0.57
26-08-2002,-0.15
27-08-2002,-0.62
28-08-2002,-0.41
29-08-2002,0.24
30-08-2002,-0.33
03-09-2002,-0.51
04-09-2002,0.00
05-09-2002,0.46
06-09-2002,-0.29
09-09-2002,0.12
10-09-2002,0.23
11-09-2002,-0.10
12-09-2002,-0.51
13-09-2002,0.23
16-09-2002,0.13
17-09-2002,-0.73
18-09-2002,-0.16
19-09-2002,0.07
20-09-2002,-0.30
23-09-2002,-0.56
24-09-2002,0.43
25-09-2002,0.84
26-09-2002,-0.50
27-09-2002,-0.57
30-09-2002,-0.16
01-10-2002,0.56
02-10-2002,-0.36
03-10-2002,-0.12
04-10-2002,-0.33
07-10-2002,0.24
08-10-2002,-0.81
09-10-2002,0.38
10-10-2002,0.70
11-10-2002,0.40
14-10-2002,0.80
15-10-2002,-1.87
16-10-2002,0.54
17-10-2002,0.02
18-10-2002,-0.02
21-10-2002,0.48
22-10-2002,0.18
23-10-2002,0.99
24-10-2002,-0.50
25-10-2002,1.12
28-10-2002,-0.34
29-10-2002,-0.09
30-10-2002,0.41
31-10-2002,-0.01
01-11-2002,1.32
04-11-2002,-0.33
05-11-2002,0.10
06-11-2002,0.15
07-11-2002,-0.24
08-11-2002,-0.29
11-11-2002,-0.37
12-11-2002,0.08
13-11-2002,0.97
14-11-2002,-0.30
15-11-2002,0.47
18-11-2002,-0.60
19-11-2002,-0.05
20-11-2002,0.90
21-11-2002,0.32
22-11-2002,0.19
25-11-2002,0.37
26-11-2002,0.02
27-11-2002,0.49
29-11-2002,0.54
02-12-2002,-0.77
03-12-2002,-1.17
04-12-2002,0.52
05-12-2002,-1.14
06-12-2002,-0.12
09-12-2002,-0.48
10-12-2002,0.09
11-12-2002,0.37
12-12-2002,-0.43
13-12-2002,-0.12
16-12-2002,0.39
17-12-2002,-0.50
18-12-2002,-0.43
19-12-2002,0.14
20-12-2002,-0.23
23-12-2002,0.12
24-12-2002,-0.10
26-12-2002,-0.24
27-12-2002,-0.11
30-12-2002,-0.56
31-12-2002,0.12
02-01-2003,0.62
03-01-2003,0.02
06-01-2003,0.61
07-01-2003,-0.24
08-01-2003,-0.23
09-01-2003,0.12
10-01-2003,0.63
13-01-2003,-0.23
14-01-2003,0.30
15-01-2003,-0.38
16-01-2003,-0.43
17-01-2003,-0.41
21-01-2003,-0.12
22-01-2003,0.26
23-01-2003,-0.08
24-01-2003,-0.74
27-01-2003,0.47
28-01-2003,-0.13
29-01-2003,0.54
30-01-2003,-0.96
31-01-2003,0.19
03-02-2003,-0.06
04-02-2003,0.17
05-02-2003,-0.20
06-02-2003,0.02
07-02-2003,-0.37
10-02-2003,0.25
11-02-2003,-0.09
12-02-2003,0.04
13-02-2003,0.27
14-02-2003,0.57
18-02-2003,0.45
19-02-2003,0.01
20-02-2003,0.03
21-02-2003,-0.30
24-02-2003,-0.29
25-02-2003,0.19
26-02-2003,-0.12
27-02-2003,0.47
28-02-2003,0.11
03-03-2003,-0.34
04-03-2003,-0.02
05-03-2003,0.16
06-03-2003,-0.78
07-03-2003,0.05
10-03-2003,0.04
11-03-2003,-0.12
12-03-2003,0.64
13-03-2003,0.61
14-03-2003,-0.32
17-03-2003,0.91
18-03-2003,-0.06
19-03-2003,-0.17
20-03-2003,0.64
21-03-2003,-0.50
24-03-2003,-0.09
25-03-2003,0.04
26-03-2003,-0.29
27-03-2003,-0.15
28-03-2003,-0.59
31-03-2003,-0.22
01-04-2003,0.49
02-04-2003,0.47
03-04-2003,0.01
04-04-2003,0.32
07-04-2003,-0.51
08-04-2003,-0.19
09-04-2003,-0.23
10-04-2003,0.30
11-04-2003,-0.33
14-04-2003,0.24
15-04-2003,0.65
16-04-2003,-0.04
17-04-2003,0.50
21-04-2003,-0.20
22-04-2003,0.59
23-04-2003,0.23
24-04-2003,-0.62
25-04-2003,-0.16
28-04-2003,0.50
29-04-2003,-0.11
30-04-2003,-0.37
01-05-2003,0.14
02-05-2003,0.55
05-05-2003,-0.20
06-05-2003,0.23
07-05-2003,-0.27
08-05-2003,0.32
09-05-2003,0.12
12-05-2003,0.24
13-05-2003,0.10
14-05-2003,-0.05
15-05-2003,-0.14
16-05-2003,-0.40
19-05-2003,-0.38
20-05-2003,0.07
21-05-2003,0.13
22-05-2003,-0.12
23-05-2003,-0.05
27-05-2003,0.90
28-05-2003,-0.04
29-05-2003,0.84
30-05-2003,0.09
02-06-2003,-0.50
03-06-2003,0.52
04-06-2003,0.02
05-06-2003,1.13
06-06-2003,-0.68
09-06-2003,0.16
10-06-2003,-0.25
11-06-2003,0.37
12-06-2003,-0.04
13-06-2003,-0.36
16-06-2003,0.37
17-06-2003,-0.53
18-06-2003,0.39
19-06-2003,-0.36
20-06-2003,-0.50
23-06-2003,-0.46
24-06-2003,0.33
25-06-2003,-0.18
26-06-2003,0.31
27-06-2003,0.34
30-06-2003,-0.21
01-07-2003,0.61
02-07-2003,0.25
03-07-2003,0.25
07-07-2003,0.36
08-07-2003,0.41
09-07-2003,-0.14
10-07-2003,0.08
11-07-2003,0.86
14-07-2003,0.10
15-07-2003,0.62
16-07-2003,-0.43
17-07-2003,0.29
18-07-2003,-0.36
21-07-2003,-0.16
22-07-2003,-0.03
23-07-2003,0.61
24-07-2003,-0.75
25-07-2003,0.58
28-07-2003,-0.09
29-07-2003,0.04
30-07-2003,0.07
31-07-2003,-0.12
01-08-2003,0.12
04-08-2003,0.13
05-08-2003,-0.77
06-08-2003,-0.15
07-08-2003,0.19
08-08-2003,-0.40
11-08-2003,0.34
12-08-2003,0.34
13-08-2003,0.21
14-08-2003,0.16
15-08-2003,0.08
18-08-2003,1.00
19-08-2003,-0.19
20-08-2003,0.45
21-08-2003,1.11
22-08-2003,-0.49
25-08-2003,-0.39
26-08-2003,0.45
27-08-2003,0.40
28-08-2003,0.06
29-08-2003,0.45
02-09-2003,0.13
03-09-2003,-0.47
04-09-2003,0.39
05-09-2003,0.04
08-09-2003,0.10
09-09-2003,-0.44
10-09-2003,-0.62
11-09-2003,0.12
12-09-2003,0.41
15-09-2003,-0.19
16-09-2003,0.67
17-09-2003,-0.19
18-09-2003,0.50
19-09-2003,-0.57
22-09-2003,-0.08
23-09-2003,0.33
24-09-2003,-0.76
25-09-2003,-0.34
26-09-2003,0.04
29-09-2003,0.47
30-09-2003,-0.26
01-10-2003,0.59
02-10-2003,0.56
03-10-2003,0.28
06-10-2003,-0.26
07-10-2003,0.46
08-10-2003,0.05
09-10-2003,0.13
10-10-2003,0.45
13-10-2003,0.05
14-10-2003,1.54
15-10-2003,-1.01
16-10-2003,0.62
17-10-2003,-0.53
20-10-2003,0.53
21-10-2003,-0.40
22-10-2003,-0.66
23-10-2003,0.09
24-10-2003,0.21
27-10-2003,0.28
28-10-2003,0.66
29-10-2003,0.44
30-10-2003,-0.12
31-10-2003,0.31
03-11-2003,0.45
04-11-2003,-0.18
05-11-2003,0.19
06-11-2003,0.41
07-11-2003,-0.30
10-11-2003,-0.65
11-11-2003,0.28
12-11-2003,0.25
13-11-2003,-0.06
14-11-2003,-1.11
17-11-2003,0.09
18-11-2003,-0.46
19-11-2003,0.26
20-11-2003,-0.05
21-11-2003,0.27
24-11-2003,0.69
25-11-2003,-0.01
26-11-2003,-0.20
28-11-2003,0.53
01-12-2003,0.29
02-12-2003,-0.07
03-12-2003,-0.47
04-12-2003,-0.80
05-12-2003,-0.41
08-12-2003,-0.06
09-12-2003,-1.22
10-12-2003,0.16
11-12-2003,0.50
12-12-2003,0.29
15-12-2003,-1.00
16-12-2003,0.05
17-12-2003,0.08
18-12-2003,0.55
19-12-2003,-0.55
22-12-2003,0.03
23-12-2003,0.51
24-12-2003,0.07
26-12-2003,0.27
29-12-2003,0.57
30-12-2003,-0.01
31-12-2003,0.09
02-01-2004,0.12
05-01-2004,0.35
06-01-2004,0.27
07-01-2004,0.67
08-01-2004,-0.29
09-01-2004,0.36
12-01-2004,0.05
13-01-2004,-0.41
14-01-2004,-0.79
15-01-2004,0.41
16-01-2004,-0.25
20-01-2004,-0.61
21-01-2004,0.03
22-01-2004,-0.30
23-01-2004,-0.11
26-01-2004,0.43
27-01-2004,-0.35
28-01-2004,-0.22
29-01-2004,-0.52
30-01-2004,-0.02
02-02-2004,-0.37
03-02-2004,0.47
04-02-2004,-0.51
05-02-2004,-0.17
06-02-2004,0.72
09-02-2004,-0.27
10-02-2004,0.10
11-02-2004,0.14
12-02-2004,0.02
13-02-2004,-0.49
17-02-2004,0.37
18-02-2004,0.07
19-02-2004,-0.69
20-02-2004,-0.05
23-02-2004,-0.94
24-02-2004,0.52
25-02-2004,0.07
26-02-2004,0.11
27-02-2004,-0.49
01-03-2004,0.55
02-03-2004,-0.16
03-03-2004,-0.38
04-03-2004,-0.09
05-03-2004,0.09
08-03-2004,-1.05
09-03-2004,0.23
10-03-2004,-0.69
11-03-2004,0.26
12-03-2004,0.06
15-03-2004,-0.18
16-03-2004,0.05
17-03-2004,0.27
18-03-2004,-0.52
19-03-2004,-0.65
22-03-2004,0.19
23-03-2004,-0.23
24-03-2004,0.53
25-03-2004,0.69
26-03-2004,-0.11
29-03-2004,-0.15
30-03-2004,0.01
31-03-2004,-0.05
01-04-2004,0.50
02-04-2004,0.24
05-04-2004,-0.05
06-04-2004,-0.15
07-04-2004,-0.02
08-04-2004,-0.24
12-04-2004,0.09
13-04-2004,-0.49
14-04-2004,0.15
15-04-2004,-0.54
16-04-2004,-0.26
19-04-2004,0.26
20-04-2004,-0.45
21-04-2004,-0.09
22-04-2004,0.57
23-04-2004,0.61
26-04-2004,-0.22
27-04-2004,-0.44
28-04-2004,-0.20
29-04-2004,-0.16
30-04-2004,-0.14
03-05-2004,0.20
04-05-2004,0.13
05-05-2004,-0.38
06-05-2004,0.00
07-05-2004,0.28
10-05-2004,0.43
11-05-2004,0.59
12-05-2004,-0.14
13-05-2004,-0.03
14-05-2004,-0.70
17-05-2004,0.56
18-05-2004,0.32
19-05-2004,-0.25
20-05-2004,0.33
21-05-2004,0.09
24-05-2004,-0.16
25-05-2004,0.37
26-05-2004,0.34
27-05-2004,-0.01
28-05-2004,-0.09
01-06-2004,-0.02
02-06-2004,-0.41
03-06-2004,0.43
04-06-2004,0.05
07-06-2004,0.05
08-06-2004,0.18
09-06-2004,-0.19
10-06-2004,-0.19
14-06-2004,0.02
15-06-2004,0.07
16-06-2004,-0.30
17-06-2004,-0.41
18-06-2004,0.27
21-06-2004,-0.16
22-06-2004,0.34
23-06-2004,0.33
24-06-2004,-0.57
25-06-2004,0.16
28-06-2004,-0.58
29-06-2004,0.41
30-06-2004,-0.26
01-07-2004,-0.45
02-07-2004,-0.61
06-07-2004,0.05
07-07-2004,0.12
08-07-2004,0.13
09-07-2004,-0.30
12-07-2004,0.23
13-07-2004,-1.76
14-07-2004,-0.48
15-07-2004,-0.02
16-07-2004,-0.46
19-07-2004,0.09
20-07-2004,0.41
21-07-2004,-0.78
22-07-2004,0.41
23-07-2004,-0.13
26-07-2004,0.27
27-07-2004,-0.05
28-07-2004,0.43
29-07-2004,0.16
30-07-2004,0.12
02-08-2004,0.55
03-08-2004,-0.52
04-08-2004,-0.02
05-08-2004,-0.60
06-08-2004,-0.25
09-08-2004,-0.21
10-08-2004,-0.38
11-08-2004,-0.17
12-08-2004,-0.35
13-08-2004,0.07
16-08-2004,0.06
17-08-2004,-0.20
18-08-2004,0.57
19-08-2004,-0.18
20-08-2004,-0.08
23-08-2004,0.28
24-08-2004,-0.39
25-08-2004,0.15
26-08-2004,0.01
27-08-2004,0.09
30-08-2004,-0.44
31-08-2004,-0.24
01-09-2004,0.23
02-09-2004,-1.13
03-09-2004,0.19
07-09-2004,-0.24
08-09-2004,0.02
09-09-2004,0.23
10-09-2004,0.44
13-09-2004,0.04
14-09-2004,-0.18
15-09-2004,-0.08
16-09-2004,-0.16
17-09-2004,0.15
20-09-2004,0.53
21-09-2004,-0.11
22-09-2004,-0.38
23-09-2004,-0.06
24-09-2004,-0.36
27-09-2004,0.07
28-09-2004,-0.23
29-09-2004,0.31
30-09-2004,0.09
01-10-2004,0.70
04-10-2004,-0.10
05-10-2004,0.09
06-10-2004,-0.05
07-10-2004,-0.03
08-10-2004,-0.31
11-10-2004,-0.26
12-10-2004,0.83
13-10-2004,-0.33
14-10-2004,-0.23
15-10-2004,-0.09
18-10-2004,0.40
19-10-2004,-0.26
20-10-2004,0.71
21-10-2004,0.01
22-10-2004,-0.34
25-10-2004,0.13
26-10-2004,-0.02
27-10-2004,0.47
28-10-2004,0.30
29-10-2004,-0.12
01-11-2004,0.13
02-11-2004,0.54
03-11-2004,-0.37
04-11-2004,0.52
05-11-2004,0.03
08-11-2004,-0.02
09-11-2004,-0.23
10-11-2004,0.11
11-11-2004,0.21
12-11-2004,0.18
15-11-2004,0.07
16-11-2004,0.26
17-11-2004,0.24
18-11-2004,0.33
19-11-2004,-0.59
22-11-2004,-0.16
23-11-2004,-0.15
24-11-2004,-0.13
26-11-2004,-0.06
29-11-2004,-0.20
30-11-2004,-0.42
01-12-2004,0.49
02-12-2004,1.02
03-12-2004,-0.41
06-12-2004,0.05
07-12-2004,-0.38
08-12-2004,-0.53
09-12-2004,-0.13
10-12-2004,0.00
13-12-2004,0.20
14-12-2004,0.28
15-12-2004,-0.20
16-12-2004,-0.21
17-12-2004,0.05
20-12-2004,0.20
21-12-2004,0.31
22-12-2004,-0.08
23-12-2004,0.23
27-12-2004,-0.24
28-12-2004,-0.16
29-12-2004,0.03
30-12-2004,0.13
31-12-2004,0.24
03-01-2005,-0.36
04-01-2005,-0.56
05-01-2005,0.09
06-01-2005,0.11
07-01-2005,0.16
10-01-2005,-0.16
11-01-2005,0.41
12-01-2005,-0.09
13-01-2005,-0.12
14-01-2005,-0.06
18-01-2005,0.06
19-01-2005,-0.35
20-01-2005,0.05
21-01-2005,-0.07
24-01-2005,-0.22
25-01-2005,0.23
26-01-2005,-0.09
27-01-2005,-0.04
28-01-2005,0.08
31-01-2005,0.04
01-02-2005,0.13
02-02-2005,-0.07
03-02-2005,-0.09
04-02-2005,0.42
07-02-2005,0.04
08-02-2005,0.37
09-02-2005,0.02
10-02-2005,-0.17
11-02-2005,0.63
14-02-2005,0.13
15-02-2005,0.09
16-02-2005,-0.09
17-02-2005,-0.42
18-02-2005,0.11
22-02-2005,0.09
23-02-2005,-0.48
24-02-2005,0.28
25-02-2005,0.39
28-02-2005,0.15
01-03-2005,0.04
02-03-2005,0.09
03-03-2005,0.15
04-03-2005,-0.02
07-03-2005,0.22
08-03-2005,-0.09
09-03-2005,0.06
10-03-2005,0.10
11-03-2005,-0.64
14-03-2005,0.09
15-03-2005,-0.63
16-03-2005,-0.07
17-03-2005,0.10
18-03-2005,-0.11
21-03-2005,0.09
22-03-2005,-0.44
23-03-2005,0.40
24-03-2005,-0.16
28-03-2005,-0.01
29-03-2005,-0.02
30-03-2005,0.17
31-03-2005,-0.15
01-04-2005,-0.24
04-04-2005,-0.02
05-04-2005,0.17
06-04-2005,-0.15
07-04-2005,0.30
08-04-2005,-0.08
11-04-2005,-0.14
12-04-2005,0.01
13-04-2005,-0.32
14-04-2005,-0.44
15-04-2005,0.06
18-04-2005,0.20
19-04-2005,0.72
20-04-2005,-0.33
21-04-2005,0.20
22-04-2005,0.08
25-04-2005,-0.09
26-04-2005,-0.02
27-04-2005,0.12
28-04-2005,0.07
29-04-2005,0.05
02-05-2005,-0.02
03-05-2005,0.37
04-05-2005,0.22
05-05-2005,0.25
06-05-2005,-0.03
09-05-2005,0.16
10-05-2005,0.09
11-05-2005,0.05
12-05-2005,0.17
13-05-2005,0.06
16-05-2005,0.07
17-05-2005,0.43
18-05-2005,0.19
19-05-2005,-0.03
20-05-2005,0.47
23-05-2005,-0.08
24-05-2005,0.34
25-05-2005,0.23
26-05-2005,0.05
27-05-2005,0.08
31-05-2005,-0.39
01-06-2005,0.32
02-06-2005,0.36
03-06-2005,-0.21
06-06-2005,-0.06
07-06-2005,-0.16
08-06-2005,0.09
09-06-2005,0.24
10-06-2005,-0.48
13-06-2005,0.01
14-06-2005,-0.04
15-06-2005,0.09
16-06-2005,0.51
17-06-2005,-0.55
20-06-2005,-0.01
21-06-2005,0.32
22-06-2005,-0.13
23-06-2005,-0.27
24-06-2005,-0.52
27-06-2005,-0.28
28-06-2005,0.37
29-06-2005,0.12
30-06-2005,-0.15
01-07-2005,-0.10
05-07-2005,0.50
06-07-2005,-0.34
07-07-2005,0.28
08-07-2005,0.59
11-07-2005,0.21
12-07-2005,0.03
13-07-2005,0.17
14-07-2005,0.04
15-07-2005,0.21
18-07-2005,0.32
19-07-2005,-1.20
20-07-2005,0.34
21-07-2005,-0.28
22-07-2005,-0.24
25-07-2005,-0.14
26-07-2005,0.14
27-07-2005,0.17
28-07-2005,0.17
29-07-2005,-0.01
01-08-2005,-0.07
02-08-2005,0.28
03-08-2005,0.01
04-08-2005,-0.36
05-08-2005,-0.12
08-08-2005,-0.10
09-08-2005,0.18
10-08-2005,-0.36
11-08-2005,-0.08
12-08-2005,-0.14
15-08-2005,-0.05
16-08-2005,-0.09
17-08-2005,-0.07
18-08-2005,-0.02
19-08-2005,-0.15
22-08-2005,0.36
23-08-2005,-0.43
24-08-2005,-0.16
25-08-2005,0.01
26-08-2005,-0.10
29-08-2005,0.23
30-08-2005,-0.02
31-08-2005,-0.04
01-09-2005,-0.16
02-09-2005,0.08
06-09-2005,0.12
07-09-2005,0.03
08-09-2005,0.14
09-09-2005,-0.42
12-09-2005,-0.36
13-09-2005,0.03
14-09-2005,-0.24
15-09-2005,0.14
16-09-2005,0.01
19-09-2005,-0.04
20-09-2005,0.06
21-09-2005,-0.31
22-09-2005,0.08
23-09-2005,-0.06
26-09-2005,-0.18
27-09-2005,-0.22
28-09-2005,0.04
29-09-2005,0.37
30-09-2005,0.21
03-10-2005,-0.06
04-10-2005,-0.10
05-10-2005,-0.34
06-10-2005,-0.22
07-10-2005,0.01
10-10-2005,-0.26
11-10-2005,-0.36
12-10-2005,0.21
13-10-2005,-0.08
14-10-2005,-0.06
17-10-2005,0.34
18-10-2005,-0.47
19-10-2005,0.45
20-10-2005,0.15
21-10-2005,-0.40
24-10-2005,-0.25
25-10-2005,0.09
26-10-2005,-0.01
27-10-2005,-0.06
28-10-2005,0.36
31-10-2005,-0.20
01-11-2005,-0.36
02-11-2005,0.70
03-11-2005,0.35
04-11-2005,0.08
07-11-2005,0.22
08-11-2005,0.11
09-11-2005,0.56
10-11-2005,0.14
11-11-2005,-0.15
14-11-2005,-0.02
15-11-2005,-0.06
16-11-2005,0.03
17-11-2005,0.16
18-11-2005,-0.01
21-11-2005,-0.18
22-11-2005,0.80
23-11-2005,0.37
25-11-2005,0.29
28-11-2005,0.00
29-11-2005,-0.17
30-11-2005,0.16
01-12-2005,0.16
02-12-2005,0.12
05-12-2005,-0.18
06-12-2005,-0.30
07-12-2005,-0.28
08-12-2005,-0.83
09-12-2005,0.72
12-12-2005,0.14
13-12-2005,0.25
14-12-2005,-0.06
15-12-2005,-0.01
16-12-2005,-0.16
19-12-2005,-0.45
20-12-2005,0.02
21-12-2005,0.04
22-12-2005,0.10
23-12-2005,0.02
27-12-2005,-0.41
28-12-2005,-0.09
29-12-2005,-0.32
30-12-2005,0.14
03-01-2006,0.33
04-01-2006,0.27
05-01-2006,0.43
06-01-2006,-0.07
09-01-2006,-0.08
10-01-2006,-0.13
11-01-2006,-0.06
12-01-2006,-0.06
13-01-2006,-0.30
17-01-2006,-2.16
18-01-2006,-0.06
19-01-2006,-0.29
20-01-2006,-0.41
23-01-2006,-0.31
24-01-2006,-0.10
25-01-2006,-0.01
26-01-2006,0.29
27-01-2006,0.07
30-01-2006,-0.12
31-01-2006,-0.36
01-02-2006,0.25
02-02-2006,-0.25
03-02-2006,-0.23
06-02-2006,-0.18
07-02-2006,0.13
08-02-2006,-0.01
09-02-2006,0.20
10-02-2006,0.13
13-02-2006,0.00
14-02-2006,0.14
15-02-2006,0.02
16-02-2006,-0.30
17-02-2006,-0.27
21-02-2006,-0.19
22-02-2006,-0.19
23-02-2006,0.01
24-02-2006,0.20
27-02-2006,0.09
28-02-2006,0.14
01-03-2006,-0.04
02-03-2006,-0.58
03-03-2006,0.38
06-03-2006,-0.22
07-03-2006,-0.11
08-03-2006,0.03
09-03-2006,-0.18
10-03-2006,0.10
13-03-2006,-0.18
14-03-2006,0.05
15-03-2006,0.21
16-03-2006,-0.24
17-03-2006,-0.25
20-03-2006,0.28
21-03-2006,-0.10
22-03-2006,0.26
23-03-2006,-0.18
24-03-2006,-0.10
27-03-2006,0.10
28-03-2006,-0.11
29-03-2006,0.23
30-03-2006,-0.10
31-03-2006,-0.10
03-04-2006,-0.22
04-04-2006,-0.04
05-04-2006,0.12
06-04-2006,-0.02
07-04-2006,-0.14
10-04-2006,0.12
11-04-2006,-0.23
12-04-2006,0.04
13-04-2006,0.18
17-04-2006,-0.14
18-04-2006,0.06
19-04-2006,0.37
20-04-2006,-0.21
21-04-2006,-0.22
24-04-2006,-0.25
25-04-2006,0.17
26-04-2006,0.19
27-04-2006,0.49
28-04-2006,0.05
01-05-2006,-0.34
02-05-2006,-0.02
03-05-2006,-0.19
04-05-2006,0.12
05-05-2006,0.17
08-05-2006,0.24
09-05-2006,-0.07
10-05-2006,-0.22
11-05-2006,-0.24
12-05-2006,-0.18
15-05-2006,0.16
16-05-2006,-0.24
17-05-2006,-0.18
18-05-2006,-0.59
19-05-2006,0.10
22-05-2006,-0.01
23-05-2006,-0.09
24-05-2006,-0.03
25-05-2006,0.13
26-05-2006,0.06
30-05-2006,-0.28
31-05-2006,0.15
01-06-2006,-0.01
02-06-2006,0.18
05-06-2006,-0.17
06-06-2006,-0.22
07-06-2006,-0.43
08-06-2006,-0.10
09-06-2006,0.11
12-06-2006,-0.37
13-06-2006,0.56
14-06-2006,0.25
15-06-2006,0.21
16-06-2006,0.36
19-06-2006,-0.17
20-06-2006,-0.06
21-06-2006,0.18
22-06-2006,-0.16
23-06-2006,-0.08
26-06-2006,0.40
27-06-2006,-0.42
28-06-2006,0.54
29-06-2006,0.39
30-06-2006,-0.02
03-07-2006,-0.05
05-07-2006,-0.33
06-07-2006,-0.06
07-07-2006,-0.07
10-07-2006,-0.47
11-07-2006,0.41
12-07-2006,-0.62
13-07-2006,-0.06
14-07-2006,0.10
17-07-2006,0.08
18-07-2006,0.25
19-07-2006,-0.22
20-07-2006,-0.78
21-07-2006,0.13
24-07-2006,0.26
25-07-2006,0.09
26-07-2006,0.11
27-07-2006,-0.12
28-07-2006,0.40
31-07-2006,-0.16
01-08-2006,-0.18
02-08-2006,-0.05
03-08-2006,0.10
04-08-2006,-0.19
07-08-2006,0.06
08-08-2006,0.15
09-08-2006,-0.21
10-08-2006,0.23
11-08-2006,-0.08
14-08-2006,0.49
15-08-2006,0.08
16-08-2006,0.34
17-08-2006,-0.23
18-08-2006,-0.07
21-08-2006,-0.12
22-08-2006,0.23
23-08-2006,-0.06
24-08-2006,0.06
25-08-2006,0.49
28-08-2006,0.32
29-08-2006,0.18
30-08-2006,0.11
31-08-2006,0.06
01-09-2006,0.00
05-09-2006,-0.23
06-09-2006,-0.31
07-09-2006,0.03
08-09-2006,-0.02
11-09-2006,0.15
12-09-2006,0.29
13-09-2006,-0.03
14-09-2006,0.15
15-09-2006,-0.38
18-09-2006,0.15
19-09-2006,-0.10
20-09-2006,-0.03
21-09-2006,-0.24
22-09-2006,-0.02
25-09-2006,0.18
26-09-2006,0.54
27-09-2006,0.34
28-09-2006,0.36
29-09-2006,-0.28
02-10-2006,-0.13
03-10-2006,0.08
04-10-2006,0.24
05-10-2006,-0.15
06-10-2006,-0.08
09-10-2006,0.06
10-10-2006,0.13
11-10-2006,0.29
12-10-2006,0.27
13-10-2006,0.40
16-10-2006,-0.60
17-10-2006,0.33
18-10-2006,-0.52
19-10-2006,0.19
20-10-2006,0.08
23-10-2006,0.14
24-10-2006,0.14
25-10-2006,0.08
26-10-2006,0.00
27-10-2006,-0.58
30-10-2006,0.25
31-10-2006,0.00
01-11-2006,-0.54
02-11-2006,0.11
03-11-2006,-0.20
06-11-2006,0.28
07-11-2006,-0.05
08-11-2006,0.10
09-11-2006,-0.28
10-11-2006,0.11
13-11-2006,0.45
14-11-2006,0.61
15-11-2006,0.32
16-11-2006,-0.11
17-11-2006,-0.24
20-11-2006,0.24
21-11-2006,-0.30
22-11-2006,-0.30
24-11-2006,0.02
27-11-2006,-0.45
28-11-2006,0.24
29-11-2006,0.03
30-11-2006,0.06
01-12-2006,-0.18
04-12-2006,0.09
05-12-2006,-0.06
06-12-2006,-0.11
07-12-2006,-0.28
08-12-2006,-0.06
11-12-2006,0.07
12-12-2006,0.16
13-12-2006,-0.11
14-12-2006,0.19
15-12-2006,0.09
18-12-2006,-0.37
19-12-2006,0.06
20-12-2006,-0.08
21-12-2006,-0.19
22-12-2006,-0.25
26-12-2006,0.17
27-12-2006,0.11
28-12-2006,-0.05
29-12-2006,0.09
03-01-2007,0.15
04-01-2007,0.37
05-01-2007,0.13
08-01-2007,-0.04
09-01-2007,-0.09
10-01-2007,0.43
11-01-2007,0.11
12-01-2007,0.28
16-01-2007,-0.70
17-01-2007,-0.30
18-01-2007,-0.20
19-01-2007,0.25
22-01-2007,-0.06
23-01-2007,-0.22
24-01-2007,0.22
25-01-2007,-0.14
26-01-2007,0.09
29-01-2007,0.24
30-01-2007,-0.11
31-01-2007,0.02
01-02-2007,0.13
02-02-2007,0.16
05-02-2007,0.11
06-02-2007,0.02
07-02-2007,-0.07
08-02-2007,0.10
09-02-2007,-0.37
12-02-2007,-0.07
13-02-2007,0.06
14-02-2007,0.20
15-02-2007,0.04
16-02-2007,-0.16
20-02-2007,-0.07
21-02-2007,0.02
22-02-2007,-0.13
23-02-2007,-0.02
26-02-2007,-0.26
27-02-2007,-0.36
28-02-2007,-0.44
01-03-2007,0.00
02-03-2007,-0.43
05-03-2007,0.29
06-03-2007,0.02
07-03-2007,-0.06
08-03-2007,0.07
09-03-2007,-0.20
12-03-2007,0.15
13-03-2007,-0.10
14-03-2007,0.03
15-03-2007,-0.06
16-03-2007,0.03
19-03-2007,-0.11
20-03-2007,-0.01
21-03-2007,0.15
22-03-2007,-0.04
23-03-2007,0.06
26-03-2007,-0.01
27-03-2007,-0.23
28-03-2007,0.03
29-03-2007,0.07
30-03-2007,0.05
02-04-2007,0.06
03-04-2007,0.11
04-04-2007,-0.06
05-04-2007,0.48
09-04-2007,0.18
10-04-2007,0.40
11-04-2007,-0.17
12-04-2007,0.02
13-04-2007,-0.01
16-04-2007,0.23
17-04-2007,0.54
18-04-2007,-0.14
19-04-2007,0.73
20-04-2007,-0.02
23-04-2007,-0.07
24-04-2007,0.03
25-04-2007,0.12
26-04-2007,-0.18
27-04-2007,-0.10
30-04-2007,-0.19
01-05-2007,0.20
02-05-2007,0.34
03-05-2007,-0.14
04-05-2007,-0.02
07-05-2007,0.05
08-05-2007,0.05
09-05-2007,0.27
10-05-2007,-0.04
11-05-2007,0.03
14-05-2007,-0.23
15-05-2007,-0.02
16-05-2007,0.20
17-05-2007,0.32
18-05-2007,0.01
21-05-2007,0.16
22-05-2007,0.09
23-05-2007,-0.24
24-05-2007,-0.48
25-05-2007,0.03
29-05-2007,-0.07
30-05-2007,0.07
31-05-2007,0.16
01-06-2007,-0.07
04-06-2007,-0.10
05-06-2007,-0.20
06-06-2007,-0.44
07-06-2007,0.10
08-06-2007,0.24
11-06-2007,0.10
12-06-2007,0.34
13-06-2007,0.30
14-06-2007,1.10
15-06-2007,0.16
18-06-2007,-0.11
19-06-2007,0.16
20-06-2007,-0.30
21-06-2007,0.26
22-06-2007,-0.36
25-06-2007,-0.16
26-06-2007,-0.22
27-06-2007,0.69
28-06-2007,-0.14
29-06-2007,-0.07
02-07-2007,0.35
03-07-2007,0.15
05-07-2007,0.07
06-07-2007,0.20
09-07-2007,-0.02
10-07-2007,0.03
11-07-2007,-0.07
12-07-2007,0.88
13-07-2007,0.11
16-07-2007,0.11
17-07-2007,-0.90
18-07-2007,0.14
19-07-2007,0.13
20-07-2007,-0.55
23-07-2007,-0.17
24-07-2007,0.22
25-07-2007,-0.27
26-07-2007,-0.37
27-07-2007,-0.23
30-07-2007,0.39
31-07-2007,-0.46
01-08-2007,0.18
02-08-2007,0.49
03-08-2007,-0.15
06-08-2007,-0.02
07-08-2007,0.21
08-08-2007,0.01
09-08-2007,-0.32
10-08-2007,0.25
13-08-2007,-0.12
14-08-2007,-0.24
15-08-2007,-0.44
16-08-2007,0.56
17-08-2007,-0.09
20-08-2007,0.09
21-08-2007,0.08
22-08-2007,0.23
23-08-2007,-0.08
24-08-2007,0.42
27-08-2007,-0.37
28-08-2007,0.03
29-08-2007,0.50
30-08-2007,0.54
31-08-2007,0.21
04-09-2007,0.15
05-09-2007,0.02
06-09-2007,-0.28
07-09-2007,0.21
10-09-2007,-0.35
11-09-2007,0.02
12-09-2007,0.02
13-09-2007,-0.51
14-09-2007,-0.07
17-09-2007,0.07
18-09-2007,0.52
19-09-2007,-0.06
20-09-2007,0.42
21-09-2007,-0.03
24-09-2007,-0.05
25-09-2007,0.05
26-09-2007,0.08
27-09-2007,-0.29
28-09-2007,0.26
01-10-2007,0.20
02-10-2007,-0.32
03-10-2007,-0.07
04-10-2007,0.00
05-10-2007,-0.23
08-10-2007,0.14
09-10-2007,0.16
10-10-2007,-0.02
11-10-2007,-0.21
12-10-2007,0.02
15-10-2007,0.10
16-10-2007,0.84
17-10-2007,-0.22
18-10-2007,0.26
19-10-2007,-0.72
22-10-2007,0.54
23-10-2007,-0.21
24-10-2007,-0.17
25-10-2007,0.12
26-10-2007,-0.16
29-10-2007,0.02
30-10-2007,0.25
31-10-2007,0.25
01-11-2007,0.00
02-11-2007,-0.09
05-11-2007,0.45
06-11-2007,0.17
07-11-2007,-0.31
08-11-2007,-1.22
09-11-2007,0.04
12-11-2007,0.08
13-11-2007,0.79
14-11-2007,-0.63
15-11-2007,-0.18
16-11-2007,-0.05
19-11-2007,-0.09
20-11-2007,-0.11
21-11-2007,-0.40
23-11-2007,0.24
26-11-2007,-0.23
27-11-2007,0.64
28-11-2007,0.45
29-11-2007,0.47
30-11-2007,-0.50
03-12-2007,-0.17
04-12-2007,0.89
05-12-2007,0.26
06-12-2007,0.45
07-12-2007,-0.17
10-12-2007,0.19
11-12-2007,-0.30
12-12-2007,-0.36
13-12-2007,-0.14
14-12-2007,-0.46
17-12-2007,-0.21
18-12-2007,-0.12
19-12-2007,0.55
20-12-2007,0.19
21-12-2007,0.05
24-12-2007,0.31
26-12-2007,0.14
27-12-2007,-0.22
28-12-2007,-0.42
31-12-2007,-0.25
02-01-2008,-0.75
03-01-2008,-1.59
04-01-2008,-0.59
07-01-2008,0.15
08-01-2008,-0.48
09-01-2008,0.18
10-01-2008,-0.26
11-01-2008,0.52
14-01-2008,0.09
15-01-2008,-2.45
16-01-2008,-0.05
17-01-2008,-0.50
18-01-2008,-0.98
22-01-2008,0.12
23-01-2008,1.50
24-01-2008,0.91
25-01-2008,-1.13
28-01-2008,0.42
29-01-2008,-0.05
30-01-2008,0.08
31-01-2008,0.80
01-02-2008,0.27
04-02-2008,-0.78
05-02-2008,-0.43
06-02-2008,-0.40
07-02-2008,0.23
08-02-2008,0.39
11-02-2008,0.23
12-02-2008,0.30
13-02-2008,-0.08
14-02-2008,-0.55
15-02-2008,0.07
19-02-2008,-0.13
20-02-2008,0.32
21-02-2008,-0.12
22-02-2008,-0.61
25-02-2008,0.05
26-02-2008,0.37
27-02-2008,0.26
28-02-2008,-0.21
29-02-2008,-0.20
03-03-2008,-0.34
04-03-2008,0.32
05-03-2008,0.03
06-03-2008,-0.22
07-03-2008,0.25
10-03-2008,0.31
11-03-2008,0.57
12-03-2008,-0.31
13-03-2008,0.40
14-03-2008,-0.92
17-03-2008,0.97
18-03-2008,0.17
19-03-2008,-0.05
20-03-2008,0.24
24-03-2008,0.47
25-03-2008,-0.24
26-03-2008,-0.12
27-03-2008,-0.57
28-03-2008,-0.41
31-03-2008,0.67
01-04-2008,0.42
02-04-2008,-0.27
03-04-2008,0.22
04-04-2008,-0.03
07-04-2008,-0.44
08-04-2008,-0.27
09-04-2008,0.42
10-04-2008,0.22
11-04-2008,-0.58
14-04-2008,-0.19
15-04-2008,1.28
16-04-2008,-0.22
17-04-2008,0.33
18-04-2008,-0.01
21-04-2008,-0.22
22-04-2008,-0.11
23-04-2008,0.34
24-04-2008,0.06
25-04-2008,-0.16
28-04-2008,0.14
29-04-2008,0.08
30-04-2008,-0.29
01-05-2008,1.06
02-05-2008,-0.09
05-05-2008,-0.25
06-05-2008,0.45
07-05-2008,-0.22
08-05-2008,-0.18
09-05-2008,0.19
12-05-2008,0.23
13-05-2008,0.20
14-05-2008,0.02
15-05-2008,0.90
16-05-2008,0.17
19-05-2008,-0.53
20-05-2008,-0.56
21-05-2008,-0.05
22-05-2008,-0.07
23-05-2008,-0.39
27-05-2008,0.44
28-05-2008,-0.47
29-05-2008,0.04
30-05-2008,-0.17
02-06-2008,0.18
03-06-2008,-0.41
04-06-2008,0.68
05-06-2008,0.03
06-06-2008,-0.53
09-06-2008,-0.61
10-06-2008,0.19
11-06-2008,-0.41
12-06-2008,0.14
13-06-2008,0.21
16-06-2008,0.43
17-06-2008,-0.53
18-06-2008,-0.14
19-06-2008,0.46
20-06-2008,-0.18
23-06-2008,-0.25
24-06-2008,0.18
25-06-2008,-0.07
26-06-2008,-0.60
27-06-2008,-0.18
30-06-2008,-0.13
01-07-2008,0.33
02-07-2008,-0.85
03-07-2008,0.14
07-07-2008,-0.10
08-07-2008,0.16
09-07-2008,-0.85
10-07-2008,0.36
11-07-2008,0.62
14-07-2008,-0.64
15-07-2008,0.64
16-07-2008,0.19
17-07-2008,0.54
18-07-2008,0.26
21-07-2008,-0.34
22-07-2008,0.32
23-07-2008,-0.07
24-07-2008,-0.23
25-07-2008,0.07
28-07-2008,-0.18
29-07-2008,0.54
30-07-2008,-0.30
31-07-2008,0.39
01-08-2008,-0.02
04-08-2008,0.41
05-08-2008,0.17
06-08-2008,-0.19
07-08-2008,0.85
08-08-2008,0.30
11-08-2008,0.18
12-08-2008,0.00
13-08-2008,-0.33
14-08-2008,0.40
15-08-2008,-0.07
18-08-2008,-0.42
19-08-2008,-0.03
20-08-2008,-0.55
21-08-2008,0.09
22-08-2008,0.03
25-08-2008,-0.30
26-08-2008,0.15
27-08-2008,0.40
28-08-2008,-0.26
29-08-2008,0.03
02-09-2008,-0.61
03-09-2008,-0.93
04-09-2008,-0.98
05-09-2008,0.53
08-09-2008,-0.12
09-09-2008,-0.08
10-09-2008,-0.62
11-09-2008,-0.10
12-09-2008,-0.33
15-09-2008,-0.61
16-09-2008,0.43
17-09-2008,-0.40
18-09-2008,1.19
19-09-2008,-0.88
22-09-2008,-0.45
23-09-2008,0.13
24-09-2008,0.15
25-09-2008,-0.59
26-09-2008,0.48
29-09-2008,-0.66
30-09-2008,0.45
01-10-2008,-0.27
02-10-2008,-0.62
03-10-2008,-0.45
06-10-2008,0.07
07-10-2008,-1.25
08-10-2008,0.92
09-10-2008,-1.39
10-10-2008,0.99
13-10-2008,1.04
14-10-2008,-1.10
15-10-2008,-0.75
16-10-2008,0.11
17-10-2008,0.11
20-10-2008,0.18
21-10-2008,-0.43
22-10-2008,-0.50
23-10-2008,-0.99
24-10-2008,0.54
27-10-2008,0.43
28-10-2008,0.85
29-10-2008,-0.09
30-10-2008,0.41
31-10-2008,0.14
03-11-2008,0.01
04-11-2008,0.02
05-11-2008,-1.22
06-11-2008,-0.44
07-11-2008,0.77
10-11-2008,-0.82
11-11-2008,-0.41
12-11-2008,-0.42
13-11-2008,0.86
14-11-2008,-0.72
17-11-2008,-0.08
18-11-2008,-0.08
19-11-2008,-0.60
20-11-2008,0.13
21-11-2008,0.75
24-11-2008,0.38
25-11-2008,-0.63
26-11-2008,0.64
28-11-2008,-0.26
01-12-2008,-0.48
02-12-2008,-0.14
03-12-2008,0.54
04-12-2008,-0.54
05-12-2008,0.70
08-12-2008,0.07
09-12-2008,0.53
10-12-2008,-0.03
11-12-2008,-0.44
12-12-2008,0.90
15-12-2008,-0.05
16-12-2008,0.58
17-12-2008,-0.27
18-12-2008,-0.53
19-12-2008,0.02
22-12-2008,-0.03
23-12-2008,-0.32
24-12-2008,0.14
26-12-2008,-0.02
29-12-2008,0.10
30-12-2008,0.32
31-12-2008,-0.01
02-01-2009,0.33
05-01-2009,0.00
06-01-2009,-0.25
07-01-2009,-0.30
08-01-2009,0.13
09-01-2009,-0.37
12-01-2009,-0.48
13-01-2009,-0.11
14-01-2009,-0.38
15-01-2009,0.75
16-01-2009,-0.25
20-01-2009,-0.50
21-01-2009,-0.15
22-01-2009,-0.20
23-01-2009,0.42
26-01-2009,0.37
27-01-2009,0.54
28-01-2009,-0.28
29-01-2009,-0.34
30-01-2009,-0.53
02-02-2009,0.69
03-02-2009,0.23
04-02-2009,-0.09
05-02-2009,0.69
06-02-2009,0.15
09-02-2009,0.13
10-02-2009,-0.45
11-02-2009,-0.38
12-02-2009,0.08
13-02-2009,-0.29
17-02-2009,-0.21
18-02-2009,0.02
19-02-2009,-0.70
20-02-2009,0.32
23-02-2009,-0.63
24-02-2009,0.51
25-02-2009,0.48
26-02-2009,-0.70
27-02-2009,0.01
02-03-2009,-0.03
03-03-2009,0.19
04-03-2009,-0.13
05-03-2009,-0.10
06-03-2009,-0.07
09-03-2009,0.40
10-03-2009,1.06
11-03-2009,0.15
12-03-2009,0.28
13-03-2009,0.14
16-03-2009,-0.35
17-03-2009,0.50
18-03-2009,0.42
19-03-2009,-0.17
20-03-2009,-0.16
23-03-2009,0.22
24-03-2009,-0.16
25-03-2009,0.13
26-03-2009,0.22
27-03-2009,-0.33
30-03-2009,-0.12
31-03-2009,-0.15
01-04-2009,0.52
02-04-2009,0.21
03-04-2009,0.03
06-04-2009,-0.12
07-04-2009,-0.15
08-04-2009,0.24
09-04-2009,0.15
13-04-2009,0.15
14-04-2009,-0.53
15-04-2009,0.42
16-04-2009,0.03
17-04-2009,-0.45
20-04-2009,-0.32
21-04-2009,0.18
22-04-2009,0.45
23-04-2009,-0.09
24-04-2009,-0.24
27-04-2009,-0.18
28-04-2009,0.07
29-04-2009,0.36
30-04-2009,0.12
01-05-2009,0.45
04-05-2009,0.32
05-05-2009,-0.08
06-05-2009,-0.12
07-05-2009,-0.36
08-05-2009,-0.67
11-05-2009,0.34
12-05-2009,-0.10
13-05-2009,-0.18
14-05-2009,0.33
15-05-2009,-0.19
18-05-2009,0.14
19-05-2009,0.29
20-05-2009,-0.41
21-05-2009,-0.10
22-05-2009,-0.20
26-05-2009,0.45
27-05-2009,0.01
28-05-2009,0.19
29-05-2009,0.24
01-06-2009,0.19
02-06-2009,-0.26
03-06-2009,0.03
04-06-2009,0.28
05-06-2009,-0.39
08-06-2009,0.30
09-06-2009,0.32
10-06-2009,-0.08
11-06-2009,-0.22
12-06-2009,-0.12
15-06-2009,-0.04
16-06-2009,-0.19
17-06-2009,0.27
18-06-2009,-0.12
19-06-2009,-0.08
22-06-2009,-0.03
23-06-2009,0.15
24-06-2009,0.01
25-06-2009,0.11
26-06-2009,0.23
29-06-2009,-0.05
30-06-2009,0.24
01-07-2009,0.17
02-07-2009,-0.23
06-07-2009,0.20
07-07-2009,-0.46
08-07-2009,-0.19
09-07-2009,-0.10
10-07-2009,0.16
13-07-2009,0.32
14-07-2009,1.27
15-07-2009,-0.03
16-07-2009,0.48
17-07-2009,0.31
20-07-2009,0.03
21-07-2009,-0.03
22-07-2009,0.19
23-07-2009,0.03
24-07-2009,0.14
27-07-2009,0.00
28-07-2009,0.00
29-07-2009,0.24
30-07-2009,-0.20
31-07-2009,0.14
03-08-2009,-0.24
04-08-2009,0.16
05-08-2009,-0.30
06-08-2009,0.01
07-08-2009,-0.30
10-08-2009,0.09
11-08-2009,-0.02
12-08-2009,0.25
13-08-2009,0.00
14-08-2009,-0.46
17-08-2009,0.04
18-08-2009,0.05
19-08-2009,0.16
20-08-2009,0.14
21-08-2009,0.07
24-08-2009,-0.18
25-08-2009,0.39
26-08-2009,0.12
27-08-2009,0.79
28-08-2009,-0.15
31-08-2009,0.11
01-09-2009,-0.52
02-09-2009,0.00
03-09-2009,-0.17
04-09-2009,0.39
08-09-2009,-0.06
09-09-2009,0.06
10-09-2009,0.02
11-09-2009,-0.51
14-09-2009,0.19
15-09-2009,0.14
16-09-2009,-0.06
17-09-2009,-0.09
18-09-2009,-0.05
21-09-2009,0.14
22-09-2009,0.00
23-09-2009,0.21
24-09-2009,-0.37
25-09-2009,-0.03
28-09-2009,0.22
29-09-2009,-0.05
30-09-2009,-0.11
01-10-2009,-0.46
02-10-2009,0.15
05-10-2009,0.16
06-10-2009,0.29
07-10-2009,0.10
08-10-2009,0.09
09-10-2009,0.46
12-10-2009,0.12
13-10-2009,0.65
14-10-2009,-0.38
15-10-2009,-0.30
16-10-2009,-0.16
19-10-2009,0.16
20-10-2009,-0.26
21-10-2009,-0.26
22-10-2009,0.46
23-10-2009,-0.53
26-10-2009,0.20
27-10-2009,-0.37
28-10-2009,-0.37
29-10-2009,0.12
30-10-2009,-0.23
02-11-2009,-0.36
03-11-2009,0.10
04-11-2009,0.11
05-11-2009,0.07
06-11-2009,0.30
09-11-2009,0.24
10-11-2009,0.20
11-11-2009,0.31
12-11-2009,-0.25
13-11-2009,0.34
16-11-2009,-0.01
17-11-2009,0.12
18-11-2009,-0.75
19-11-2009,-0.19
20-11-2009,0.27
23-11-2009,-0.03
24-11-2009,0.04
25-11-2009,-0.51
27-11-2009,0.18
30-11-2009,0.31
01-12-2009,0.20
02-12-2009,0.06
03-12-2009,0.38
04-12-2009,0.02
07-12-2009,0.04
08-12-2009,-0.24
09-12-2009,0.16
10-12-2009,0.04
11-12-2009,-0.16
14-12-2009,-0.16
15-12-2009,-0.30
16-12-2009,-0.23
17-12-2009,-0.03
18-12-2009,0.68
21-12-2009,0.17
22-12-2009,-0.10
23-12-2009,0.12
24-12-2009,0.18
28-12-2009,-0.01
29-12-2009,-0.13
30-12-2009,0.30
31-12-2009,0.18
04-01-2010,0.14
05-01-2010,-0.12
06-01-2010,-0.06
07-01-2010,-0.18
08-01-2010,0.51
11-01-2010,-0.21
12-01-2010,-0.13
13-01-2010,0.34
14-01-2010,0.25
15-01-2010,-0.43
19-01-2010,0.08
20-01-2010,0.14
21-01-2010,-0.33
22-01-2010,-0.47
25-01-2010,-0.06
26-01-2010,-0.15
27-01-2010,0.26
28-01-2010,-0.15
29-01-2010,-0.58
01-02-2010,0.18
02-02-2010,0.23
03-02-2010,-0.18
04-02-2010,-0.43
05-02-2010,0.33
08-02-2010,0.13
09-02-2010,-0.02
10-02-2010,0.04
11-02-2010,0.28
12-02-2010,0.58
16-02-2010,0.20
17-02-2010,-0.18
18-02-2010,0.05
19-02-2010,0.20
22-02-2010,-0.09
23-02-2010,-0.28
24-02-2010,-0.14
25-02-2010,0.22
26-02-2010,0.05
01-03-2010,0.28
02-03-2010,-0.20
03-03-2010,-0.14
04-03-2010,0.06
05-03-2010,0.12
08-03-2010,-0.12
09-03-2010,0.24
10-03-2010,0.16
11-03-2010,0.16
12-03-2010,-0.13
15-03-2010,0.06
16-03-2010,0.74
17-03-2010,0.12
18-03-2010,0.06
19-03-2010,-0.35
22-03-2010,0.46
23-03-2010,0.13
24-03-2010,0.14
25-03-2010,-0.24
26-03-2010,-0.02
29-03-2010,-0.02
30-03-2010,-0.06
31-03-2010,0.08
01-04-2010,0.06
05-04-2010,-0.03
06-04-2010,-0.03
07-04-2010,-0.04
08-04-2010,0.01
09-04-2010,0.26
12-04-2010,-0.03
13-04-2010,0.81
14-04-2010,0.23
15-04-2010,0.20
16-04-2010,-0.13
19-04-2010,0.26
20-04-2010,-0.08
21-04-2010,-0.49
22-04-2010,0.35
23-04-2010,0.12
26-04-2010,-0.31
27-04-2010,-0.29
28-04-2010,-0.06
29-04-2010,0.11
30-04-2010,-0.42
03-05-2010,-0.04
04-05-2010,-0.61
05-05-2010,0.04
06-05-2010,-0.80
07-05-2010,0.93
10-05-2010,0.03
11-05-2010,0.25
12-05-2010,0.37
13-05-2010,-0.74
14-05-2010,-0.39
17-05-2010,0.36
18-05-2010,-0.57
19-05-2010,-0.44
20-05-2010,-0.58
21-05-2010,0.52
24-05-2010,-0.75
25-05-2010,0.88
26-05-2010,0.06
27-05-2010,0.45
28-05-2010,-0.34
01-06-2010,0.06
02-06-2010,0.53
03-06-2010,-0.37
04-06-2010,-0.54
07-06-2010,-0.65
08-06-2010,0.16
09-06-2010,-0.07
10-06-2010,0.01
11-06-2010,0.56
14-06-2010,0.12
15-06-2010,0.29
16-06-2010,0.17
17-06-2010,-0.04
18-06-2010,0.11
21-06-2010,-0.45
22-06-2010,-0.21
23-06-2010,-0.28
24-06-2010,-0.21
25-06-2010,-0.28
28-06-2010,-0.08
29-06-2010,-0.28
30-06-2010,-0.23
01-07-2010,-0.15
02-07-2010,0.26
06-07-2010,-0.08
07-07-2010,0.79
08-07-2010,-0.25
09-07-2010,0.25
12-07-2010,0.55
13-07-2010,0.98
14-07-2010,-0.65
15-07-2010,0.09
16-07-2010,-0.23
19-07-2010,-0.01
20-07-2010,0.35
21-07-2010,-0.19
22-07-2010,0.27
23-07-2010,0.02
26-07-2010,0.02
27-07-2010,-0.04
28-07-2010,-0.22
29-07-2010,-0.54
30-07-2010,0.11
02-08-2010,0.09
03-08-2010,-0.03
04-08-2010,-0.15
05-08-2010,-0.17
06-08-2010,0.30
09-08-2010,-0.60
10-08-2010,-0.52
11-08-2010,-0.32
12-08-2010,0.14
13-08-2010,-0.16
16-08-2010,0.51
17-08-2010,-0.17
18-08-2010,-0.49
19-08-2010,-0.05
20-08-2010,0.00
23-08-2010,-0.32
24-08-2010,-0.27
25-08-2010,0.31
26-08-2010,-0.33
27-08-2010,0.02
30-08-2010,-0.32
31-08-2010,0.04
01-09-2010,0.27
02-09-2010,0.27
03-09-2010,-0.16
07-09-2010,-0.29
08-09-2010,0.03
09-09-2010,-0.11
10-09-2010,0.24
13-09-2010,0.27
14-09-2010,0.18
15-09-2010,-0.02
16-09-2010,0.30
17-09-2010,-0.13
20-09-2010,-0.01
21-09-2010,0.14
22-09-2010,-0.16
23-09-2010,0.33
24-09-2010,0.15
27-09-2010,-0.08
28-09-2010,0.15
29-09-2010,-0.11
30-09-2010,0.10
01-10-2010,-0.20
04-10-2010,-0.16
05-10-2010,0.13
06-10-2010,0.16
07-10-2010,0.00
08-10-2010,0.18
11-10-2010,0.05
12-10-2010,0.30
13-10-2010,-0.58
14-10-2010,0.10
15-10-2010,-0.17
18-10-2010,-0.20
19-10-2010,0.24
20-10-2010,0.40
21-10-2010,0.04
22-10-2010,0.14
25-10-2010,-0.14
26-10-2010,0.13
27-10-2010,0.31
28-10-2010,0.13
29-10-2010,-0.08
01-11-2010,0.26
02-11-2010,-0.14
03-11-2010,0.32
04-11-2010,0.29
05-11-2010,0.34
08-11-2010,-0.15
09-11-2010,-0.05
10-11-2010,-0.40
11-11-2010,0.65
12-11-2010,0.20
15-11-2010,-0.48
16-11-2010,-0.09
17-11-2010,0.03
18-11-2010,-0.09
19-11-2010,-0.02
22-11-2010,0.12
23-11-2010,0.15
24-11-2010,0.00
26-11-2010,-0.07
29-11-2010,0.05
30-11-2010,0.24
01-12-2010,0.03
02-12-2010,0.13
03-12-2010,0.01
06-12-2010,0.18
07-12-2010,-0.14
08-12-2010,0.31
09-12-2010,-0.10
10-12-2010,0.10
13-12-2010,-0.56
14-12-2010,-0.05
15-12-2010,0.00
16-12-2010,-0.04
17-12-2010,0.08
20-12-2010,-0.12
21-12-2010,-0.27
22-12-2010,-0.12
23-12-2010,-0.08
27-12-2010,0.07
28-12-2010,0.11
29-12-2010,-0.02
30-12-2010,0.09
31-12-2010,-0.03
03-01-2011,0.11
04-01-2011,0.05
05-01-2011,-0.46
06-01-2011,0.04
07-01-2011,-0.01
10-01-2011,0.12
11-01-2011,0.42
12-01-2011,-0.04
13-01-2011,0.10
14-01-2011,-0.29
18-01-2011,0.04
19-01-2011,-0.14
20-01-2011,0.02
21-01-2011,0.07
24-01-2011,0.23
25-01-2011,0.44
26-01-2011,-0.01
27-01-2011,0.00
28-01-2011,-0.18
31-01-2011,-0.07
01-02-2011,0.00
02-02-2011,0.10
03-02-2011,0.06
04-02-2011,0.25
07-02-2011,-0.07
08-02-2011,-0.14
09-02-2011,-0.08
10-02-2011,0.18
11-02-2011,0.02
14-02-2011,-0.15
15-02-2011,0.07
16-02-2011,0.10
17-02-2011,0.37
18-02-2011,-0.13
22-02-2011,-0.23
23-02-2011,-0.55
24-02-2011,0.37
25-02-2011,0.24
28-02-2011,-0.14
01-03-2011,-0.17
02-03-2011,0.22
03-03-2011,0.20
04-03-2011,-0.17
07-03-2011,-0.39
08-03-2011,-0.16
09-03-2011,-0.14
10-03-2011,-0.28
11-03-2011,0.06
14-03-2011,-0.40
15-03-2011,-0.20
16-03-2011,-0.01
17-03-2011,-0.01
18-03-2011,-0.13
21-03-2011,0.28
22-03-2011,-0.08
23-03-2011,0.39
24-03-2011,-0.20
25-03-2011,0.13
28-03-2011,-0.16
29-03-2011,0.14
30-03-2011,-0.13
31-03-2011,0.09
01-04-2011,-0.53
04-04-2011,-0.18
05-04-2011,0.24
06-04-2011,0.08
07-04-2011,0.09
08-04-2011,0.01
11-04-2011,-0.05
12-04-2011,-0.11
13-04-2011,-0.20
14-04-2011,-0.05
15-04-2011,-0.06
18-04-2011,0.11
19-04-2011,1.43
20-04-2011,0.16
21-04-2011,-0.05
25-04-2011,0.44
26-04-2011,0.66
27-04-2011,-0.07
28-04-2011,0.32
29-04-2011,0.20
02-05-2011,-0.20
03-05-2011,0.38
04-05-2011,0.35
05-05-2011,0.04
06-05-2011,-0.29
09-05-2011,-0.28
10-05-2011,0.41
11-05-2011,-0.04
12-05-2011,0.39
13-05-2011,-0.36
16-05-2011,0.08
17-05-2011,0.24
18-05-2011,-0.29
19-05-2011,0.12
20-05-2011,-0.49
23-05-2011,-0.03
24-05-2011,-0.33
25-05-2011,0.08
26-05-2011,-0.15
27-05-2011,-0.01
31-05-2011,0.01
01-06-2011,-0.42
02-06-2011,-0.18
03-06-2011,-0.06
06-06-2011,0.29
07-06-2011,-0.08
08-06-2011,-0.08
09-06-2011,-0.13
10-06-2011,-0.28
13-06-2011,0.16
14-06-2011,0.06
15-06-2011,-0.19
16-06-2011,0.17
17-06-2011,-0.45
20-06-2011,0.29
21-06-2011,0.06
22-06-2011,-0.30
23-06-2011,0.39
24-06-2011,-0.42
27-06-2011,0.22
28-06-2011,0.10
29-06-2011,-0.04
30-06-2011,0.66
01-07-2011,0.45
05-07-2011,-0.23
06-07-2011,0.43
07-07-2011,0.06
08-07-2011,-0.13
11-07-2011,-0.17
12-07-2011,-0.08
13-07-2011,0.03
14-07-2011,-0.28
15-07-2011,-0.04
18-07-2011,0.17
19-07-2011,0.61
20-07-2011,-0.68
21-07-2011,0.54
22-07-2011,0.01
25-07-2011,0.11
26-07-2011,-0.40
27-07-2011,-0.17
28-07-2011,-0.11
29-07-2011,0.19
01-08-2011,-0.49
02-08-2011,-0.21
03-08-2011,-0.08
04-08-2011,-0.46
05-08-2011,-0.70
08-08-2011,0.04
09-08-2011,-0.04
10-08-2011,-0.13
11-08-2011,0.60
12-08-2011,-0.01
15-08-2011,-0.02
16-08-2011,-0.14
17-08-2011,-0.39
18-08-2011,-0.52
19-08-2011,-0.04
22-08-2011,-0.19
23-08-2011,0.20
24-08-2011,0.23
25-08-2011,-0.37
26-08-2011,0.50
29-08-2011,0.20
30-08-2011,0.07
31-08-2011,0.01
01-09-2011,-0.45
02-09-2011,-0.51
06-09-2011,0.70
07-09-2011,0.05
08-09-2011,-0.23
09-09-2011,-0.24
12-09-2011,0.69
13-09-2011,0.55
14-09-2011,0.41
15-09-2011,0.27
16-09-2011,0.15
19-09-2011,0.21
20-09-2011,0.18
21-09-2011,-0.59
22-09-2011,-0.14
23-09-2011,0.73
26-09-2011,0.29
27-09-2011,0.12
28-09-2011,-0.20
29-09-2011,-0.43
30-09-2011,-0.71
03-10-2011,-0.70
04-10-2011,0.78
05-10-2011,0.60
06-10-2011,0.10
07-10-2011,0.42
10-10-2011,0.30
11-10-2011,0.20
12-10-2011,0.01
13-10-2011,0.33
14-10-2011,-0.06
17-10-2011,-0.12
18-10-2011,0.76
19-10-2011,-0.12
20-10-2011,-0.01
21-10-2011,0.15
24-10-2011,0.41
25-10-2011,0.32
26-10-2011,0.09
27-10-2011,-0.04
28-10-2011,-0.29
31-10-2011,-0.41
01-11-2011,-0.10
02-11-2011,0.00
03-11-2011,0.23
04-11-2011,-0.33
07-11-2011,0.71
08-11-2011,-0.22
09-11-2011,-0.08
10-11-2011,0.16
11-11-2011,0.45
14-11-2011,-0.13
15-11-2011,0.45
16-11-2011,-0.22
17-11-2011,-0.69
18-11-2011,-0.13
21-11-2011,-0.60
22-11-2011,-0.32
23-11-2011,-0.46
25-11-2011,0.68
28-11-2011,0.23
29-11-2011,0.73
30-11-2011,0.56
01-12-2011,0.10
02-12-2011,0.00
05-12-2011,0.08
06-12-2011,0.23
07-12-2011,0.11
08-12-2011,-0.97
09-12-2011,-0.23
12-12-2011,-0.12
13-12-2011,-0.56
14-12-2011,0.12
15-12-2011,-0.10
16-12-2011,-0.08
19-12-2011,0.09
20-12-2011,0.44
21-12-2011,-0.13
22-12-2011,0.30
23-12-2011,0.30
27-12-2011,0.07
28-12-2011,-0.15
29-12-2011,0.09
30-12-2011,0.16
03-01-2012,-0.06
04-01-2012,0.46
05-01-2012,0.14
06-01-2012,0.21
09-01-2012,0.29
10-01-2012,-0.29
11-01-2012,0.40
12-01-2012,-0.19
13-01-2012,-0.45
17-01-2012,-0.05
18-01-2012,0.37
19-01-2012,0.36
20-01-2012,0.42
23-01-2012,0.33
24-01-2012,0.13
25-01-2012,0.08
26-01-2012,-0.28
27-01-2012,-0.11
30-01-2012,0.27
31-01-2012,-0.09
01-02-2012,-0.11
02-02-2012,0.28
03-02-2012,-0.11
06-02-2012,0.08
07-02-2012,0.04
08-02-2012,0.21
09-02-2012,-0.16
10-02-2012,0.10
13-02-2012,-0.24
14-02-2012,0.28
15-02-2012,-0.45
16-02-2012,0.44
17-02-2012,0.43
21-02-2012,-0.25
22-02-2012,-0.47
23-02-2012,0.14
24-02-2012,-0.19
27-02-2012,0.39
28-02-2012,0.32
29-02-2012,-0.20
01-03-2012,-0.15
02-03-2012,0.00
05-03-2012,-0.62
06-03-2012,0.32
07-03-2012,0.43
08-03-2012,-0.10
09-03-2012,0.12
12-03-2012,0.04
13-03-2012,0.36
14-03-2012,0.03
15-03-2012,0.30
16-03-2012,-0.16
19-03-2012,-0.01
20-03-2012,0.14
21-03-2012,-0.09
22-03-2012,0.22
23-03-2012,0.07
26-03-2012,0.24
27-03-2012,-0.10
28-03-2012,-0.37
29-03-2012,0.61
30-03-2012,-0.33
02-04-2012,0.26
03-04-2012,-0.42
04-04-2012,0.00
05-04-2012,-0.11
09-04-2012,-0.04
10-04-2012,-0.03
11-04-2012,0.28
12-04-2012,0.34
13-04-2012,-0.08
16-04-2012,0.18
17-04-2012,-0.82
18-04-2012,0.27
19-04-2012,-0.14
20-04-2012,-0.34
23-04-2012,-0.01
24-04-2012,0.07
25-04-2012,0.36
26-04-2012,0.30
27-04-2012,0.29
30-04-2012,0.04
01-05-2012,0.33
02-05-2012,0.61
03-05-2012,-0.87
04-05-2012,-0.49
07-05-2012,-0.29
08-05-2012,-0.40
09-05-2012,0.22
10-05-2012,-0.12
11-05-2012,0.13
14-05-2012,-0.29
15-05-2012,-0.11
16-05-2012,-0.44
17-05-2012,-0.22
18-05-2012,-0.16
21-05-2012,0.19
22-05-2012,-0.76
23-05-2012,0.10
24-05-2012,0.12
25-05-2012,0.32
29-05-2012,-0.13
30-05-2012,-0.11
31-05-2012,-0.31
01-06-2012,-0.18
04-06-2012,-0.22
05-06-2012,0.45
06-06-2012,0.83
07-06-2012,-0.48
08-06-2012,0.65
11-06-2012,-0.39
12-06-2012,0.31
13-06-2012,0.10
14-06-2012,0.35
15-06-2012,0.31
18-06-2012,0.30
19-06-2012,-0.08
20-06-2012,-0.01
21-06-2012,-0.61
22-06-2012,-0.25
25-06-2012,-0.43
26-06-2012,-0.05
27-06-2012,-0.12
28-06-2012,0.30
29-06-2012,0.21
02-07-2012,0.18
03-07-2012,0.09
05-07-2012,-0.34
06-07-2012,-0.36
09-07-2012,-0.19
10-07-2012,-0.27
11-07-2012,-0.41
12-07-2012,-0.33
13-07-2012,0.42
16-07-2012,0.09
17-07-2012,-0.11
18-07-2012,1.06
19-07-2012,-0.41
20-07-2012,-0.79
23-07-2012,0.13
24-07-2012,-0.16
25-07-2012,0.57
26-07-2012,0.07
27-07-2012,0.29
30-07-2012,-0.22
31-07-2012,0.07
01-08-2012,-0.10
02-08-2012,0.72
03-08-2012,-0.04
06-08-2012,0.20
07-08-2012,0.05
08-08-2012,0.15
09-08-2012,0.03
10-08-2012,0.12
13-08-2012,-0.03
14-08-2012,-0.51
15-08-2012,0.19
16-08-2012,0.13
17-08-2012,-0.34
20-08-2012,0.11
21-08-2012,-0.42
22-08-2012,-0.30
23-08-2012,-0.51
24-08-2012,-0.17
27-08-2012,-0.09
28-08-2012,0.14
29-08-2012,-0.34
30-08-2012,-0.08
31-08-2012,0.50
04-09-2012,-0.59
05-09-2012,0.06
06-09-2012,-0.33
07-09-2012,-0.15
10-09-2012,-0.64
11-09-2012,0.12
12-09-2012,-0.39
13-09-2012,0.42
14-09-2012,-0.14
17-09-2012,0.01
18-09-2012,0.20
19-09-2012,-0.41
20-09-2012,0.12
21-09-2012,-0.26
24-09-2012,0.01
25-09-2012,-0.37
26-09-2012,0.18
27-09-2012,0.29
28-09-2012,-0.30
01-10-2012,0.13
02-10-2012,-0.04
03-10-2012,-0.26
04-10-2012,0.05
05-10-2012,0.00
08-10-2012,-0.45
09-10-2012,-0.23
10-10-2012,-0.06
11-10-2012,-0.26
12-10-2012,-0.06
15-10-2012,0.43
16-10-2012,-0.68
17-10-2012,0.53
18-10-2012,-0.18
19-10-2012,-0.22
22-10-2012,-0.08
23-10-2012,0.41
24-10-2012,-0.16
25-10-2012,0.18
26-10-2012,0.25
31-10-2012,-0.29
01-11-2012,0.63
02-11-2012,-0.15
05-11-2012,-0.28
06-11-2012,-0.17
07-11-2012,-0.62
08-11-2012,-0.06
09-11-2012,0.03
12-11-2012,-0.30
13-11-2012,-0.11
14-11-2012,-0.42
15-11-2012,0.07
16-11-2012,-0.10
19-11-2012,-0.13
20-11-2012,-0.33
21-11-2012,0.01
23-11-2012,0.16
26-11-2012,0.25
27-11-2012,-0.06
28-11-2012,-0.07
29-11-2012,-0.19
30-11-2012,0.22
03-12-2012,-0.21
04-12-2012,0.29
05-12-2012,0.04
06-12-2012,0.32
07-12-2012,-0.16
10-12-2012,0.03
11-12-2012,0.69
12-12-2012,-0.25
13-12-2012,-0.11
14-12-2012,0.05
17-12-2012,0.12
18-12-2012,0.39
19-12-2012,0.12
20-12-2012,-0.55
21-12-2012,0.05
24-12-2012,0.06
26-12-2012,-0.03
27-12-2012,-0.32
28-12-2012,-0.12
31-12-2012,0.87
02-01-2013,0.24
03-01-2013,-0.03
04-01-2013,-0.10
07-01-2013,-0.04
08-01-2013,-0.01
09-01-2013,0.38
10-01-2013,0.19
11-01-2013,0.16
14-01-2013,-0.02
15-01-2013,-0.04
16-01-2013,0.18
17-01-2013,-0.73
18-01-2013,-0.08
22-01-2013,-0.08
23-01-2013,-0.10
24-01-2013,-0.06
25-01-2013,-0.03
28-01-2013,0.08
29-01-2013,0.17
30-01-2013,0.03
31-01-2013,-0.11
01-02-2013,0.14
04-02-2013,0.04
05-02-2013,0.01
06-02-2013,-0.19
07-02-2013,-0.02
08-02-2013,0.06
11-02-2013,0.03
12-02-2013,0.18
13-02-2013,-0.08
14-02-2013,0.09
15-02-2013,-0.05
19-02-2013,-0.08
20-02-2013,-0.33
21-02-2013,-0.43
22-02-2013,0.25
25-02-2013,-0.08
26-02-2013,0.13
27-02-2013,0.28
28-02-2013,-0.12
01-03-2013,0.36
04-03-2013,0.19
05-03-2013,0.18
06-03-2013,0.26
07-03-2013,0.16
08-03-2013,-0.41
11-03-2013,0.12
12-03-2013,-0.10
13-03-2013,0.19
14-03-2013,-0.15
15-03-2013,-0.35
18-03-2013,0.03
19-03-2013,0.05
20-03-2013,-0.31
21-03-2013,0.14
22-03-2013,0.25
25-03-2013,-0.12
26-03-2013,0.33
27-03-2013,0.25
28-03-2013,-0.18
01-04-2013,-0.16
02-04-2013,-0.07
03-04-2013,-0.39
04-04-2013,-0.12
05-04-2013,-0.03
08-04-2013,0.21
09-04-2013,0.60
10-04-2013,0.00
11-04-2013,0.02
12-04-2013,-0.23
15-04-2013,-0.04
16-04-2013,0.30
17-04-2013,0.26
18-04-2013,0.23
19-04-2013,0.21
22-04-2013,0.48
23-04-2013,0.33
24-04-2013,0.32
25-04-2013,-0.34
26-04-2013,0.14
29-04-2013,0.27
30-04-2013,0.10
01-05-2013,-0.09
02-05-2013,0.69
03-05-2013,-0.03
06-05-2013,-0.21
07-05-2013,0.06
08-05-2013,0.16
09-05-2013,0.22
10-05-2013,0.01
13-05-2013,-0.34
14-05-2013,-0.20
15-05-2013,0.22
16-05-2013,0.01
17-05-2013,-0.04
20-05-2013,0.07
21-05-2013,0.00
22-05-2013,-0.26
23-05-2013,0.04
24-05-2013,0.24
28-05-2013,-0.20
29-05-2013,0.32
30-05-2013,-0.04
31-05-2013,0.64
03-06-2013,0.66
04-06-2013,-0.45
05-06-2013,-0.36
06-06-2013,-0.35
07-06-2013,0.31
10-06-2013,0.13
11-06-2013,0.13
12-06-2013,-0.50
13-06-2013,0.54
14-06-2013,0.12
17-06-2013,-0.06
18-06-2013,0.42
19-06-2013,-0.75
20-06-2013,-0.42
21-06-2013,-0.23
24-06-2013,-0.25
25-06-2013,0.37
26-06-2013,-0.10
27-06-2013,-0.17
28-06-2013,0.43
01-07-2013,-0.49
02-07-2013,-0.18
03-07-2013,0.26
05-07-2013,-0.09
08-07-2013,-0.55
09-07-2013,-0.16
10-07-2013,0.43
11-07-2013,0.38
12-07-2013,-0.11
15-07-2013,0.16
16-07-2013,0.30
17-07-2013,-0.83
18-07-2013,-0.35
19-07-2013,-0.05
22-07-2013,-0.21
23-07-2013,0.08
24-07-2013,-0.07
25-07-2013,0.07
26-07-2013,0.24
29-07-2013,0.13
30-07-2013,0.07
31-07-2013,0.04
01-08-2013,-0.22
02-08-2013,0.03
05-08-2013,-0.11
06-08-2013,-0.19
07-08-2013,0.07
08-08-2013,-0.36
